Price,Close,High,Low,Open,Volume
Ticker,ZN=F,ZN=F,ZN=F,ZN=F,ZN=F
Date,,,,,
2018-09-28,118.78125,119.0,118.734375,118.765625,1713641
2018-10-01,118.671875,118.765625,118.515625,118.71875,1262949
2018-10-02,118.8125,118.921875,118.609375,118.625,1651670
2018-10-03,118.125,118.890625,117.921875,118.75,2673326
2018-10-04,117.859375,118.03125,117.609375,117.984375,2803647
2018-10-05,117.671875,117.96875,117.515625,117.890625,2363170
2018-10-08,117.703125,117.8125,117.421875,117.625,485721
2018-10-09,117.8125,117.859375,117.46875,117.640625,1937388
2018-10-10,117.75,118.203125,117.546875,117.796875,2551116
2018-10-11,118.390625,118.453125,117.953125,118.203125,3666139
2018-10-12,118.34375,118.4375,118.0,118.234375,1979954
2018-10-15,118.15625,118.328125,118.140625,118.171875,1416067
2018-10-16,118.21875,118.25,118.046875,118.21875,1463983
2018-10-17,118.046875,118.296875,117.84375,118.125,1593614
2018-10-18,118.140625,118.28125,117.78125,117.859375,2331342
2018-10-19,117.953125,118.1875,117.890625,118.078125,1956703
2018-10-22,118.0,118.125,117.875,117.96875,1410808
2018-10-23,118.265625,118.65625,117.96875,117.96875,2923885
2018-10-24,118.625,118.859375,118.21875,118.25,2709457
2018-10-25,118.53125,118.84375,118.4375,118.765625,2132579
2018-10-26,119.03125,119.1875,118.671875,118.6875,2768692
2018-10-29,118.953125,119.171875,118.703125,119.015625,1948721
2018-10-30,118.78125,118.984375,118.65625,118.953125,1990798
2018-10-31,118.4375,118.671875,118.359375,118.65625,1956359
2018-11-01,118.578125,118.65625,118.34375,118.515625,1654904
2018-11-02,118.046875,118.703125,117.984375,118.671875,2411856
2018-11-05,118.140625,118.25,118.03125,118.046875,1230676
2018-11-06,118.0,118.234375,117.890625,118.125,1215002
2018-11-07,117.984375,118.265625,117.71875,117.90625,2301837
2018-11-08,117.78125,118.0,117.703125,117.796875,1354498
2018-11-09,118.125,118.203125,117.734375,117.75,1697861
2018-11-12,118.390625,118.46875,118.109375,118.171875,563274
2018-11-13,118.515625,118.578125,118.234375,118.421875,1878432
2018-11-14,118.75,118.984375,118.375,118.5,2188936
2018-11-15,118.8125,119.09375,118.609375,118.6875,2392837
2018-11-16,119.15625,119.25,118.765625,118.8125,1826749
2018-11-19,119.296875,119.375,119.015625,119.25,1666762
2018-11-20,119.34375,119.4375,119.1875,119.234375,2225246
2018-11-21,119.234375,119.265625,119.015625,119.203125,1824157
2018-11-23,119.28125,119.453125,119.125,119.1875,1247520
2018-11-26,119.140625,119.359375,119.0625,119.328125,2513332
2018-11-27,119.25,119.328125,119.109375,119.25,3153782
2018-11-28,119.390625,119.40625,119.078125,119.234375,3081143
2018-11-29,119.421875,119.734375,119.234375,119.3125,1940800
2018-11-30,119.546875,119.765625,119.453125,119.46875,312021
2018-12-03,119.6875,119.859375,119.265625,119.375,116128
2018-12-04,120.09375,120.328125,119.78125,119.859375,135343
2018-12-06,120.453125,120.890625,120.078125,120.109375,98775
2018-12-07,120.765625,120.796875,120.25,120.359375,45301
2018-12-10,120.6875,120.9375,120.609375,120.828125,19818
2018-12-11,120.453125,120.78125,120.375,120.65625,20929
2018-12-12,120.28125,120.5,120.1875,120.484375,11122
2018-12-13,120.28125,120.390625,120.234375,120.25,5119
2018-12-14,120.453125,120.640625,120.28125,120.296875,6471
2018-12-17,120.71875,120.765625,120.40625,120.4375,4909
2018-12-18,120.953125,121.046875,120.703125,120.703125,5991
2018-12-19,120.921875,121.1875,120.890625,121.046875,2011340
2018-12-20,121.0625,121.328125,120.890625,121.265625,2172584
2018-12-21,121.03125,121.140625,120.890625,120.9375,1417613
2018-12-24,121.40625,121.5625,121.0,121.078125,513369
2018-12-26,121.03125,121.640625,120.875,121.53125,881047
2018-12-27,121.53125,121.59375,120.953125,120.96875,1465439
2018-12-28,121.625,121.8125,121.28125,121.390625,1312658
2018-12-31,122.015625,122.125,121.5625,121.671875,797287
2019-01-02,122.1875,122.515625,121.8125,121.8125,1537272
2019-01-03,123.15625,123.25,122.21875,122.59375,2637572
2019-01-04,122.296875,123.234375,122.125,123.15625,2132973
2019-01-07,122.046875,122.46875,121.90625,122.1875,1335862
2019-01-08,121.75,122.046875,121.609375,121.953125,1174114
2019-01-09,121.71875,121.859375,121.5,121.65625,1428110
2019-01-10,121.71875,122.109375,121.578125,121.796875,1426743
2019-01-11,121.953125,122.109375,121.609375,121.625,1209547
2019-01-14,121.90625,122.28125,121.875,121.921875,1058706
2019-01-15,121.90625,122.1875,121.78125,121.9375,1555787
2019-01-16,121.71875,121.9375,121.609375,121.84375,1180543
2019-01-17,121.515625,121.96875,121.390625,121.765625,1449617
2019-01-18,121.171875,121.546875,121.0625,121.5,1468412
2019-01-22,121.578125,121.625,121.15625,121.171875,1733333
2019-01-23,121.390625,121.546875,121.21875,121.484375,1383476
2019-01-24,121.75,121.84375,121.40625,121.484375,1356409
2019-01-25,121.40625,121.78125,121.3125,121.703125,1319213
2019-01-28,121.5,121.609375,121.265625,121.34375,1326926
2019-01-29,121.78125,121.8125,121.453125,121.46875,1191668
2019-01-30,122.0,122.140625,121.5,121.75,1711957
2019-01-31,122.46875,122.59375,122.0625,122.109375,1941362
2019-02-01,121.9375,122.53125,121.875,122.453125,1757389
2019-02-04,121.71875,122.0,121.625,121.984375,1022090
2019-02-05,121.875,121.96875,121.59375,121.71875,1036243
2019-02-06,121.890625,122.109375,121.8125,121.875,1087271
2019-02-07,122.28125,122.296875,121.90625,121.921875,1523473
2019-02-08,122.375,122.46875,122.1875,122.203125,1124119
2019-02-11,122.125,122.40625,122.0625,122.328125,963200
2019-02-12,121.953125,122.203125,121.890625,122.1875,1143327
2019-02-13,121.75,121.984375,121.65625,121.9375,1308329
2019-02-14,122.171875,122.296875,121.703125,121.78125,1743940
2019-02-15,122.046875,122.25,121.90625,122.171875,1084414
2019-02-19,122.21875,122.3125,121.9375,122.046875,1313246
2019-02-20,122.15625,122.375,122.140625,122.296875,1418484
2019-02-21,121.90625,122.25,121.796875,122.21875,2635431
2019-02-22,122.140625,122.28125,121.84375,121.84375,1879806
2019-02-25,122.03125,122.125,121.921875,122.046875,3161503
2019-02-26,122.328125,122.359375,122.0625,122.09375,3194291
2019-02-27,121.921875,122.375,121.875,122.296875,1627040
2019-02-28,121.75,122.171875,121.609375,122.0,280819
2019-03-01,121.4375,121.765625,121.359375,121.71875,103654
2019-03-04,121.671875,121.71875,121.3125,121.359375,60189
2019-03-05,121.6875,121.71875,121.46875,121.671875,61859
2019-03-06,121.9375,122.046875,121.6875,121.734375,45404
2019-03-07,122.421875,122.421875,121.953125,121.96875,16332
2019-03-08,122.515625,122.6875,122.328125,122.390625,20808
2019-03-11,122.40625,122.515625,122.28125,122.46875,5093
2019-03-12,122.609375,122.671875,122.15625,122.25,14993
2019-03-13,122.59375,122.625,122.421875,122.5625,5233
2019-03-14,122.453125,122.578125,122.34375,122.5,4737
2019-03-15,122.703125,122.8125,122.40625,122.40625,26349
2019-03-18,122.59375,122.765625,122.578125,122.703125,16169
2019-03-19,122.5,122.703125,122.40625,122.625,7481
2019-03-20,122.6875,122.71875,122.546875,122.5625,1540615
2019-03-21,123.359375,123.6875,123.28125,123.4375,1563387
2019-03-22,124.03125,124.265625,123.328125,123.359375,2521931
2019-03-25,124.328125,124.671875,123.875,124.0625,2186358
2019-03-26,124.40625,124.515625,124.0625,124.484375,1960900
2019-03-27,124.6875,124.96875,124.265625,124.3125,2172081
2019-03-28,124.5,124.953125,124.328125,124.703125,1775988
2019-03-29,124.21875,124.453125,124.078125,124.40625,1962022
2019-04-01,123.609375,124.171875,123.515625,124.15625,1761109
2019-04-02,123.765625,123.859375,123.609375,123.625,1346910
2019-04-03,123.5,123.84375,123.40625,123.8125,1565485
2019-04-04,123.546875,123.703125,123.421875,123.4375,1191134
2019-04-05,123.59375,123.6875,123.265625,123.515625,1419966
2019-04-08,123.453125,123.703125,123.421875,123.625,860631
2019-04-09,123.640625,123.75,123.40625,123.453125,1254979
2019-04-10,123.796875,123.921875,123.53125,123.59375,1349148
2019-04-11,123.5625,123.859375,123.515625,123.84375,1142422
2019-04-12,123.09375,123.671875,123.03125,123.609375,1629932
2019-04-15,123.15625,123.203125,122.96875,123.046875,1013260
2019-04-16,122.828125,123.203125,122.796875,123.15625,1356140
2019-04-17,122.859375,122.9375,122.640625,122.84375,1521927
2019-04-18,123.140625,123.234375,122.84375,122.859375,1434418
2019-04-22,122.9375,123.171875,122.921875,123.125,610997
2019-04-23,123.125,123.203125,122.90625,122.953125,942906
2019-04-24,123.53125,123.578125,123.109375,123.140625,1330691
2019-04-25,123.390625,123.5625,123.328125,123.515625,1141463
2019-04-26,123.671875,123.75,123.28125,123.390625,1492354
2019-04-29,123.4375,123.703125,123.390625,123.671875,918956
2019-04-30,123.671875,123.71875,123.3125,123.515625,1897188
2019-05-01,123.578125,124.125,123.46875,123.6875,1929299
2019-05-02,123.171875,123.65625,123.15625,123.609375,1605845
2019-05-03,123.34375,123.46875,122.9375,123.25,1488964
2019-05-06,123.625,124.109375,123.5625,123.5625,1421616
2019-05-07,124.015625,124.03125,123.609375,123.9375,1816896
2019-05-08,123.75,124.1875,123.65625,123.921875,2020026
2019-05-09,123.984375,124.265625,123.734375,123.734375,2119854
2019-05-10,123.984375,124.21875,123.828125,124.0625,2112004
2019-05-13,124.421875,124.5625,124.0,124.09375,1832738
2019-05-14,124.328125,124.53125,124.25,124.40625,1302395
2019-05-15,124.671875,124.84375,124.3125,124.390625,1905968
2019-05-16,124.421875,124.84375,124.3125,124.6875,1441988
2019-05-17,124.484375,124.78125,124.359375,124.515625,1357736
2019-05-20,124.28125,124.59375,124.25,124.5,1263291
2019-05-21,124.140625,124.359375,124.03125,124.28125,1308309
2019-05-22,124.4375,124.515625,124.09375,124.140625,1523116
2019-05-23,125.203125,125.21875,124.46875,124.5,3130623
2019-05-24,124.890625,125.078125,124.84375,124.9375,2851424
2019-05-28,125.390625,125.453125,124.90625,125.015625,4279844
2019-05-29,125.625,125.84375,125.34375,125.40625,3176520
2019-05-30,125.6875,125.8125,125.203125,125.375,1414607
2019-05-31,126.375,126.5,125.734375,125.75,403790
2019-06-03,126.890625,127.078125,126.3125,126.3125,177818
2019-06-04,126.59375,127.046875,126.328125,126.953125,92950
2019-06-05,126.640625,127.0625,126.40625,126.4375,75356
2019-06-06,126.609375,126.90625,126.515625,126.625,26921
2019-06-07,126.890625,127.25,126.578125,126.65625,13638
2019-06-10,126.4375,126.6875,126.390625,126.578125,12131
2019-06-11,126.4375,126.484375,126.203125,126.390625,8523
2019-06-12,126.640625,126.734375,126.4375,126.4375,7195
2019-06-13,127.0,127.078125,126.6875,126.703125,13309
2019-06-14,126.9375,127.28125,126.84375,127.078125,9381
2019-06-17,126.96875,127.046875,126.75,126.875,12680
2019-06-18,127.140625,127.5,126.90625,126.90625,6267
2019-06-19,126.90625,127.015625,126.828125,127.015625,1922272
2019-06-20,128.0625,128.265625,127.671875,127.875,2238622
2019-06-21,127.515625,128.015625,127.4375,127.796875,1597384
2019-06-24,127.9375,127.984375,127.53125,127.640625,987020
2019-06-25,128.125,128.25,127.890625,127.96875,1649628
2019-06-26,127.59375,128.1875,127.5625,128.171875,1372796
2019-06-27,127.9375,127.953125,127.375,127.625,1358937
2019-06-28,127.96875,128.0,127.6875,127.859375,1360265
2019-07-01,127.6875,127.96875,127.53125,127.609375,1480141
2019-07-02,128.140625,128.171875,127.71875,127.75,1168305
2019-07-03,128.25,128.4375,128.140625,128.15625,1229180
2019-07-05,127.46875,128.40625,127.265625,128.25,1994242
2019-07-08,127.5,127.734375,127.328125,127.46875,1181049
2019-07-09,127.296875,127.5,127.15625,127.390625,1234559
2019-07-10,127.4375,127.578125,126.859375,127.234375,1896091
2019-07-11,126.984375,127.640625,126.75,127.4375,1751719
2019-07-12,127.109375,127.140625,126.78125,126.859375,1148508
2019-07-15,127.171875,127.21875,126.84375,127.0,931067
2019-07-16,126.921875,127.25,126.71875,127.203125,1322335
2019-07-17,127.359375,127.53125,126.96875,127.03125,1072723
2019-07-18,127.640625,127.8125,127.234375,127.453125,1741787
2019-07-19,127.53125,127.859375,127.375,127.78125,1260018
2019-07-22,127.59375,127.6875,127.34375,127.484375,816913
2019-07-23,127.359375,127.609375,127.28125,127.5625,1078947
2019-07-24,127.515625,127.671875,127.265625,127.28125,1127865
2019-07-25,127.28125,127.84375,127.078125,127.53125,1985659
2019-07-26,127.21875,127.375,127.03125,127.234375,1002499
2019-07-29,127.453125,127.5,127.28125,127.3125,867368
2019-07-30,127.34375,127.546875,127.234375,127.359375,1151527
2019-07-31,127.421875,127.703125,127.015625,127.359375,2403170
2019-08-01,128.6875,128.8125,127.140625,127.5,3135151
2019-08-02,128.859375,129.140625,128.453125,128.5625,2311855
2019-08-05,129.84375,130.0,128.84375,128.90625,2625894
2019-08-06,129.765625,130.328125,129.46875,130.15625,2306499
2019-08-07,130.15625,130.859375,129.71875,130.015625,2910174
2019-08-08,129.921875,130.015625,129.375,129.734375,2059943
2019-08-09,129.6875,130.265625,129.546875,130.0,1594152
2019-08-12,130.375,130.453125,129.609375,129.671875,1147618
2019-08-13,129.828125,130.53125,129.53125,130.28125,2232738
2019-08-14,130.515625,130.6875,129.65625,129.671875,2099883
2019-08-15,130.953125,131.34375,130.3125,130.4375,2722396
2019-08-16,130.921875,131.09375,130.40625,130.90625,1549517
2019-08-19,130.4375,130.8125,130.296875,130.8125,1296412
2019-08-20,130.734375,130.953125,130.359375,130.359375,1318349
2019-08-21,130.53125,130.796875,130.328125,130.75,1479712
2019-08-22,130.296875,130.734375,130.125,130.46875,1941609
2019-08-23,130.953125,131.15625,129.875,130.25,3167656
2019-08-26,130.78125,131.609375,130.75,131.3125,2771285
2019-08-27,131.140625,131.296875,130.84375,130.859375,3317674
2019-08-28,131.359375,131.515625,131.125,131.25,2277729
2019-08-29,130.953125,131.53125,130.8125,131.3125,1120486
2019-08-30,131.046875,131.140625,130.75,131.09375,134475
2019-09-03,131.453125,131.71875,130.859375,131.25,79351
2019-09-04,131.609375,131.65625,131.21875,131.484375,30298
2019-09-05,130.65625,131.5625,130.453125,131.53125,43583
2019-09-06,130.734375,130.828125,130.234375,130.671875,18686
2019-09-09,130.25,130.671875,130.015625,130.640625,13594
2019-09-10,129.5625,130.21875,129.25,130.078125,14702
2019-09-11,129.34375,129.5,129.203125,129.375,5571
2019-09-12,128.890625,129.78125,128.859375,129.296875,8368
2019-09-13,128.078125,129.109375,128.0625,128.953125,4103
2019-09-16,128.53125,128.671875,128.25,128.375,4831
2019-09-17,128.71875,128.859375,128.4375,128.4375,5737
2019-09-18,128.8125,129.25,128.671875,128.734375,4089
2019-09-19,128.921875,129.046875,128.53125,128.53125,1440535
2019-09-20,129.6875,129.96875,129.375,129.5,1238680
2019-09-23,130.078125,130.421875,129.578125,129.765625,1513971
2019-09-24,130.71875,130.78125,129.921875,129.96875,1689336
2019-09-25,129.953125,130.75,129.890625,130.578125,1777604
2019-09-26,130.28125,130.390625,129.90625,129.921875,1540564
2019-09-27,130.390625,130.40625,129.9375,130.21875,1325313
2019-09-30,130.3125,130.390625,130.03125,130.21875,1214229
2019-10-01,130.65625,130.921875,129.625,130.375,2172846
2019-10-02,131.140625,131.25,130.4375,130.6875,1824231
2019-10-03,131.75,131.96875,131.046875,131.0625,1916073
2019-10-04,131.90625,132.03125,131.484375,131.703125,1601440
2019-10-07,131.515625,131.984375,131.40625,131.90625,1084278
2019-10-08,131.703125,131.953125,131.203125,131.484375,1396465
2019-10-09,131.28125,131.8125,131.25,131.75,1192798
2019-10-10,130.703125,131.75,130.59375,131.359375,1907652
2019-10-11,129.875,130.8125,129.71875,130.640625,2087451
2019-10-14,130.21875,130.59375,129.9375,130.0625,451647
2019-10-15,129.765625,130.546875,129.703125,130.28125,1439696
2019-10-16,129.984375,130.234375,129.765625,129.796875,1480517
2019-10-17,129.90625,130.1875,129.515625,130.03125,1463817
2019-10-18,130.03125,130.171875,129.765625,129.921875,894043
2019-10-21,129.625,130.125,129.53125,130.09375,926760
2019-10-22,129.8125,129.859375,129.46875,129.578125,1025951
2019-10-23,129.859375,130.140625,129.765625,129.875,887398
2019-10-24,129.84375,130.0625,129.640625,129.828125,1318699
2019-10-25,129.53125,129.96875,129.359375,129.859375,1248579
2019-10-28,129.15625,129.578125,129.046875,129.578125,1104455
2019-10-29,129.265625,129.359375,129.046875,129.171875,1107499
2019-10-30,129.484375,129.71875,129.109375,129.234375,1410254
2019-10-31,130.296875,130.40625,129.53125,129.71875,2201732
2019-11-01,130.015625,130.484375,129.84375,130.265625,1624270
2019-11-04,129.578125,130.078125,129.53125,130.03125,1107605
2019-11-05,128.921875,129.65625,128.859375,129.625,1794964
2019-11-06,129.328125,129.390625,128.9375,128.96875,1484890
2019-11-07,128.390625,129.375,127.984375,129.203125,2622358
2019-11-08,128.390625,128.6875,128.109375,128.421875,1764060
2019-11-11,128.390625,128.578125,128.21875,128.25,344598
2019-11-12,128.53125,128.578125,128.140625,128.390625,1365009
2019-11-13,128.890625,128.921875,128.328125,128.328125,1483757
2019-11-14,129.34375,129.46875,128.6875,128.734375,1644581
2019-11-15,129.140625,129.3125,129.015625,129.265625,978639
2019-11-18,129.328125,129.453125,128.96875,129.140625,1198151
2019-11-19,129.4375,129.5,129.15625,129.265625,1255752
2019-11-20,129.796875,129.890625,129.4375,129.453125,2142632
2019-11-21,129.484375,130.0625,129.390625,129.875,2582282
2019-11-22,129.453125,129.703125,129.328125,129.46875,2350148
2019-11-25,129.515625,129.59375,129.25,129.4375,2878708
2019-11-26,129.6875,129.765625,129.359375,129.546875,2602268
2019-11-27,129.375,129.6875,129.296875,129.671875,1306006
2019-11-29,129.296875,129.53125,129.15625,129.359375,154267
2019-12-02,128.890625,129.203125,128.703125,129.171875,108406
2019-12-03,129.96875,130.0625,128.8125,129.03125,81149
2019-12-04,129.40625,130.046875,129.375,129.90625,40727
2019-12-05,129.3125,129.609375,129.09375,129.484375,26072
2019-12-06,128.90625,129.375,128.6875,129.21875,20825
2019-12-09,129.0,129.171875,128.890625,128.90625,6185
2019-12-10,128.9375,129.21875,128.84375,129.078125,5641
2019-12-11,129.296875,129.34375,128.90625,128.90625,3744
2019-12-12,128.4375,129.40625,128.265625,129.265625,5183
2019-12-13,129.09375,129.109375,128.015625,128.140625,6156
2019-12-16,128.53125,129.0,128.53125,129.0,3697
2019-12-17,128.578125,128.78125,128.5625,128.734375,2840
2019-12-18,128.328125,128.765625,128.25,128.640625,1466
2019-12-19,128.5625,128.5625,128.28125,128.34375,1205409
2019-12-20,128.25,128.265625,127.96875,128.203125,806749
2019-12-23,128.09375,128.390625,128.046875,128.21875,620132
2019-12-24,128.3125,128.390625,128.0,128.140625,398672
2019-12-26,128.375,128.46875,128.203125,128.359375,402206
2019-12-27,128.65625,128.671875,128.390625,128.40625,667285
2019-12-30,128.53125,128.6875,128.15625,128.609375,891503
2019-12-31,128.421875,128.609375,128.25,128.609375,850930
2020-01-02,128.625,128.921875,128.15625,128.296875,1250468
2020-01-03,129.390625,129.4375,128.625,128.65625,1817748
2020-01-06,129.25,129.65625,129.15625,129.5,1666524
2020-01-07,129.15625,129.390625,129.140625,129.234375,1450885
2020-01-08,128.765625,130.1875,128.734375,129.25,2993268
2020-01-09,128.890625,128.9375,128.546875,128.765625,1594105
2020-01-10,129.078125,129.171875,128.765625,128.859375,1369615
2020-01-13,128.921875,129.109375,128.8125,129.109375,1055289
2020-01-14,129.140625,129.234375,128.78125,128.921875,1421799
2020-01-15,129.34375,129.4375,129.125,129.171875,1349774
2020-01-16,129.15625,129.4375,129.078125,129.359375,1373300
2020-01-17,129.046875,129.21875,128.90625,129.109375,1390519
2020-01-21,129.578125,129.609375,129.109375,129.125,1664597
2020-01-22,129.546875,129.625,129.375,129.53125,1349211
2020-01-23,129.78125,130.03125,129.546875,129.546875,1938652
2020-01-24,130.28125,130.375,129.59375,129.8125,2201734
2020-01-27,130.890625,130.96875,130.53125,130.578125,2434005
2020-01-28,130.609375,131.1875,130.453125,130.8125,2306819
2020-01-29,131.015625,131.15625,130.421875,130.515625,1757332
2020-01-30,131.3125,131.53125,131.0,131.0625,2694207
2020-01-31,131.65625,131.828125,130.9375,131.015625,2664632
2020-02-03,131.578125,131.90625,131.125,131.859375,2331880
2020-02-04,130.890625,131.640625,130.75,131.546875,2200574
2020-02-05,130.546875,131.140625,130.359375,130.921875,2584163
2020-02-06,130.5625,130.65625,130.21875,130.546875,1858725
2020-02-07,131.078125,131.140625,130.515625,130.546875,2331670
2020-02-10,131.359375,131.390625,130.890625,131.09375,1689593
2020-02-11,131.0,131.1875,130.875,131.125,1579786
2020-02-12,130.6875,130.9375,130.609375,130.890625,1700284
2020-02-13,130.765625,131.171875,130.640625,130.65625,2149666
2020-02-14,130.984375,131.125,130.734375,130.734375,1496111
2020-02-18,131.203125,131.390625,130.828125,130.9375,1883347
2020-02-19,131.078125,131.25,130.9375,131.171875,1663072
2020-02-20,131.4375,131.59375,130.9375,131.09375,2356919
2020-02-21,131.859375,132.140625,131.4375,131.5,3397725
2020-02-24,132.65625,132.890625,132.09375,132.203125,4232656
2020-02-25,133.125,133.328125,132.34375,132.734375,5598034
2020-02-26,133.328125,133.40625,132.703125,132.90625,4313431
2020-02-27,133.4375,133.96875,133.015625,133.09375,2733280
2020-02-28,134.84375,134.984375,133.546875,133.703125,275925
2020-03-02,135.265625,135.84375,134.578125,135.03125,85076
2020-03-03,136.0,136.953125,134.484375,134.546875,60328
2020-03-04,136.25,136.640625,135.671875,136.140625,43117
2020-03-05,136.765625,136.9375,135.671875,135.75,22117
2020-03-06,138.046875,138.484375,136.703125,136.796875,12490
2020-03-09,139.296875,140.703125,138.5,138.546875,6044
2020-03-10,137.546875,138.75,137.0,137.78125,4485
2020-03-11,137.140625,138.375,136.640625,137.625,5095
2020-03-12,136.890625,138.890625,136.734375,138.46875,2227
2020-03-13,135.796875,137.125,135.78125,136.125,805
2020-03-16,138.0625,138.375,136.65625,136.65625,8394
2020-03-17,136.0625,140.0,135.65625,140.0,3026
2020-03-18,134.375,136.0,134.375,135.875,6960
2020-03-19,135.3125,136.0,134.5625,135.140625,1639
2020-03-20,136.5,136.5,136.0,136.34375,1686753
2020-03-23,138.203125,138.5625,137.203125,137.5625,1817511
2020-03-24,137.453125,138.3125,136.921875,138.09375,1401549
2020-03-25,137.34375,137.6875,137.03125,137.234375,1308534
2020-03-26,137.734375,138.015625,137.21875,137.25,1294144
2020-03-27,138.265625,138.75,137.34375,137.390625,1247294
2020-03-30,138.828125,139.390625,138.375,138.921875,1259056
2020-03-31,138.6875,139.046875,138.34375,138.46875,1527275
2020-04-01,138.984375,139.421875,138.78125,138.796875,1342210
2020-04-02,138.890625,139.453125,138.78125,139.296875,1185789
2020-04-03,139.140625,139.34375,138.890625,139.015625,924986
2020-04-06,138.40625,139.03125,138.328125,138.984375,950207
2020-04-07,137.90625,138.46875,137.5,138.4375,1441115
2020-04-08,137.84375,138.296875,137.703125,138.0625,1137637
2020-04-09,138.25,138.390625,137.65625,137.765625,1195287
2020-04-13,138.078125,138.34375,137.890625,138.078125,596558
2020-04-14,138.21875,138.390625,137.84375,137.96875,1076610
2020-04-15,139.15625,139.28125,138.1875,138.21875,1331091
2020-04-16,139.234375,139.40625,138.953125,139.171875,1139525
2020-04-17,138.890625,139.4375,138.53125,138.84375,1365292
2020-04-20,139.109375,139.234375,138.921875,139.015625,741098
2020-04-21,139.390625,139.6875,139.078125,139.21875,1092690
2020-04-22,139.046875,139.53125,138.828125,139.421875,954669
2020-04-23,139.015625,139.171875,138.859375,139.03125,1105020
2020-04-24,139.109375,139.234375,138.890625,139.09375,757985
2020-04-27,138.65625,139.046875,138.578125,139.0,881685
2020-04-28,139.015625,139.109375,138.53125,138.625,989863
2020-04-29,138.96875,139.28125,138.828125,139.0,1073167
2020-04-30,139.0625,139.359375,138.796875,138.9375,1533122
2020-05-01,138.875,139.265625,138.84375,138.96875,870887
2020-05-04,138.96875,139.234375,138.796875,139.109375,916799
2020-05-05,138.859375,138.984375,138.625,138.921875,962282
2020-05-06,138.546875,138.8125,138.265625,138.796875,1272785
2020-05-07,139.296875,139.34375,138.5,138.625,1313439
2020-05-08,138.953125,139.5,138.875,139.1875,1090304
2020-05-11,138.625,139.0625,138.609375,138.9375,981624
2020-05-12,138.953125,139.09375,138.578125,138.71875,1228975
2020-05-13,139.21875,139.3125,139.03125,139.078125,1203530
2020-05-14,139.421875,139.515625,139.15625,139.203125,1097438
2020-05-15,139.328125,139.65625,139.25,139.375,1039716
2020-05-18,138.59375,139.390625,138.5625,139.359375,1274344
2020-05-19,138.859375,139.046875,138.578125,138.671875,1271689
2020-05-20,139.078125,139.15625,138.78125,139.046875,1199320
2020-05-21,139.0625,139.21875,138.984375,139.015625,1429655
2020-05-22,139.15625,139.421875,139.046875,139.0625,1390072
2020-05-26,138.953125,139.25,138.796875,139.1875,3549623
2020-05-27,139.125,139.3125,138.6875,138.984375,2558810
2020-05-28,138.953125,139.21875,138.890625,139.0625,1019614
2020-05-29,139.375,139.40625,139.046875,139.0625,134842
2020-06-01,139.328125,139.53125,139.109375,139.453125,46926
2020-06-02,139.1875,139.421875,139.125,139.328125,23513
2020-06-03,138.5625,139.203125,138.46875,139.171875,44824
2020-06-04,138.203125,138.734375,138.09375,138.671875,28105
2020-06-05,137.546875,138.359375,137.125,138.171875,25910
2020-06-08,137.734375,137.890625,137.421875,137.484375,6176
2020-06-09,138.15625,138.3125,137.875,137.90625,7702
2020-06-10,138.875,138.984375,138.15625,138.15625,7073
2020-06-11,139.421875,139.421875,139.03125,139.09375,4907
2020-06-12,139.109375,139.28125,139.078125,139.265625,3221
2020-06-15,139.109375,139.46875,138.9375,139.21875,3925
2020-06-16,138.796875,138.984375,138.640625,138.8125,3365
2020-06-17,138.96875,138.984375,138.796875,138.796875,1644
2020-06-18,139.203125,139.203125,139.015625,139.046875,1086
2020-06-19,139.15625,139.15625,138.796875,139.140625,862061
2020-06-22,138.703125,138.953125,138.640625,138.921875,733415
2020-06-23,138.75,138.90625,138.515625,138.640625,957624
2020-06-24,138.875,138.90625,138.53125,138.671875,1001745
2020-06-25,138.90625,139.0625,138.796875,138.875,1104239
2020-06-26,139.21875,139.265625,138.828125,138.84375,924291
2020-06-29,139.328125,139.421875,139.078125,139.234375,876658
2020-06-30,139.171875,139.4375,139.09375,139.375,1240939
2020-07-01,138.953125,139.171875,138.796875,139.15625,1163129
2020-07-02,139.09375,139.1875,138.734375,138.96875,890404
2020-07-06,138.984375,139.234375,138.765625,139.15625,832208
2020-07-07,139.203125,139.328125,138.9375,139.015625,795282
2020-07-08,139.1875,139.28125,139.015625,139.25,928752
2020-07-09,139.5,139.53125,139.0625,139.078125,993559
2020-07-10,139.21875,139.703125,139.109375,139.375,1029496
2020-07-13,139.21875,139.375,139.015625,139.15625,774599
2020-07-14,139.421875,139.515625,139.234375,139.34375,902282
2020-07-15,139.34375,139.4375,139.109375,139.203125,789589
2020-07-16,139.484375,139.5625,139.265625,139.3125,629126
2020-07-17,139.359375,139.5625,139.3125,139.4375,566674
2020-07-20,139.390625,139.5625,139.328125,139.359375,531156
2020-07-21,139.515625,139.59375,139.328125,139.46875,614084
2020-07-22,139.5625,139.671875,139.484375,139.546875,647895
2020-07-23,139.625,139.703125,139.515625,139.53125,661255
2020-07-24,139.578125,139.78125,139.53125,139.625,704619
2020-07-27,139.46875,139.75,139.40625,139.5625,748061
2020-07-28,139.703125,139.734375,139.25,139.421875,855554
2020-07-29,139.75,139.875,139.578125,139.703125,785966
2020-07-30,140.015625,140.0625,139.75,139.78125,717957
2020-07-31,140.078125,140.1875,139.875,139.96875,1257506
2020-08-03,139.9375,140.171875,139.875,140.15625,843977
2020-08-04,140.328125,140.40625,139.9375,140.03125,773099
2020-08-05,140.078125,140.40625,140.0,140.390625,1020589
2020-08-06,140.15625,140.40625,140.0,140.03125,883198
2020-08-07,139.953125,140.28125,139.90625,140.140625,889708
2020-08-10,139.875,140.140625,139.828125,139.9375,678683
2020-08-11,139.25,139.9375,139.21875,139.875,1529185
2020-08-12,139.1875,139.5,139.0,139.359375,1494585
2020-08-13,138.96875,139.4375,138.890625,139.125,1322300
2020-08-14,139.125,139.21875,138.90625,138.90625,1105774
2020-08-17,139.328125,139.46875,139.109375,139.15625,1000368
2020-08-18,139.390625,139.5,139.25,139.296875,850229
2020-08-19,139.375,139.5625,139.265625,139.421875,1032995
2020-08-20,139.5625,139.65625,139.3125,139.3125,980383
2020-08-21,139.5625,139.734375,139.421875,139.5,994185
2020-08-24,139.515625,139.71875,139.4375,139.609375,1526307
2020-08-25,139.3125,139.484375,139.015625,139.46875,3003000
2020-08-26,139.3125,139.34375,139.015625,139.265625,2944270
2020-08-27,138.96875,139.625,138.890625,139.328125,2405027
2020-08-28,139.25,139.359375,138.71875,138.90625,899499
2020-08-31,139.40625,139.453125,139.09375,139.296875,87139
2020-09-01,139.578125,139.59375,139.203125,139.34375,66545
2020-09-02,139.703125,139.765625,139.453125,139.59375,29458
2020-09-03,139.921875,140.015625,139.578125,139.71875,31479
2020-09-04,139.203125,139.859375,139.1875,139.84375,7549
2020-09-08,139.5625,139.640625,139.25,139.28125,7408
2020-09-09,139.46875,139.71875,139.421875,139.6875,3629
2020-09-10,139.59375,139.625,139.34375,139.46875,2380
2020-09-11,139.765625,139.765625,139.53125,139.609375,2037
2020-09-14,139.734375,139.84375,139.671875,139.765625,5413
2020-09-15,139.671875,139.734375,139.625,139.734375,3630
2020-09-16,139.640625,139.953125,139.546875,139.734375,4957
2020-09-17,139.640625,139.90625,139.5625,139.5625,1122
2020-09-18,139.609375,139.703125,139.5625,139.703125,8117
2020-09-21,139.765625,139.875,139.609375,139.609375,997320
2020-09-22,139.625,139.625,139.484375,139.578125,816613
2020-09-23,139.5,139.671875,139.390625,139.546875,980781
2020-09-24,139.578125,139.609375,139.46875,139.515625,1041394
2020-09-25,139.640625,139.71875,139.46875,139.546875,774189
2020-09-28,139.625,139.6875,139.515625,139.640625,719441
2020-09-29,139.78125,139.8125,139.625,139.703125,788134
2020-09-30,139.53125,139.796875,139.34375,139.734375,1728153
2020-10-01,139.546875,139.640625,139.203125,139.46875,1526426
2020-10-02,139.4375,139.78125,139.359375,139.515625,1444042
2020-10-05,138.921875,139.453125,138.75,139.375,1339887
2020-10-06,139.046875,139.1875,138.71875,138.765625,1619887
2020-10-07,138.71875,139.140625,138.640625,139.125,1348929
2020-10-08,138.921875,138.9375,138.703125,138.703125,991733
2020-10-09,138.828125,138.984375,138.671875,138.796875,1004425
2020-10-12,138.90625,138.9375,138.796875,138.828125,195305
2020-10-13,139.203125,139.25,138.890625,138.90625,1044436
2020-10-14,139.21875,139.328125,139.140625,139.203125,801761
2020-10-15,139.125,139.4375,139.0625,139.203125,1146506
2020-10-16,139.0625,139.234375,138.96875,139.09375,928432
2020-10-19,138.921875,139.046875,138.75,139.03125,1040956
2020-10-20,138.703125,138.890625,138.65625,138.828125,1249462
2020-10-21,138.578125,138.765625,138.40625,138.75,1517057
2020-10-22,138.328125,138.625,138.15625,138.5,1390076
2020-10-23,138.359375,138.46875,138.171875,138.265625,1190049
2020-10-26,138.640625,138.71875,138.34375,138.34375,1168035
2020-10-27,138.84375,138.90625,138.578125,138.625,968531
2020-10-28,138.796875,139.09375,138.765625,138.890625,1529111
2020-10-29,138.40625,138.890625,138.359375,138.8125,1974950
2020-10-30,138.21875,138.609375,138.109375,138.46875,2401470
2020-11-02,138.296875,138.484375,138.140625,138.171875,1439099
2020-11-03,138.09375,138.34375,137.953125,138.3125,1270460
2020-11-04,138.984375,139.03125,137.640625,137.953125,2883115
2020-11-05,138.875,139.265625,138.765625,138.96875,1657504
2020-11-06,138.546875,139.03125,138.390625,138.96875,1489220
2020-11-09,137.578125,138.765625,137.40625,138.5,2778418
2020-11-10,137.4375,137.921875,137.421875,137.8125,2068812
2020-11-11,137.609375,137.671875,137.25,137.5,553673
2020-11-12,138.15625,138.234375,137.609375,137.625,1742283
2020-11-13,138.109375,138.328125,138.046875,138.203125,993902
2020-11-16,138.03125,138.25,137.84375,138.078125,1254900
2020-11-17,138.296875,138.359375,137.953125,138.03125,1329088
2020-11-18,138.1875,138.515625,138.078125,138.359375,1486514
2020-11-19,138.359375,138.515625,138.21875,138.21875,1522705
2020-11-20,138.5,138.625,138.375,138.515625,1541844
2020-11-23,138.3125,138.546875,138.265625,138.53125,2573621
2020-11-24,138.25,138.375,138.171875,138.328125,3331076
2020-11-25,138.265625,138.46875,138.125,138.25,1841962
2020-11-27,138.546875,138.546875,138.234375,138.25,447966
2020-11-30,138.53125,138.625,138.421875,138.53125,117387
2020-12-01,137.84375,138.59375,137.828125,138.53125,79789
2020-12-02,137.84375,138.046875,137.703125,137.984375,53778
2020-12-03,138.078125,138.203125,137.859375,137.953125,24033
2020-12-04,137.8125,138.203125,137.6875,138.140625,11150
2020-12-07,138.140625,138.171875,137.796875,137.8125,9950
2020-12-08,138.21875,138.390625,138.078125,138.1875,8635
2020-12-09,138.046875,138.15625,137.953125,138.125,3736
2020-12-10,138.3125,138.3125,138.09375,138.125,4238
2020-12-11,138.5,138.59375,138.28125,138.296875,2020
2020-12-14,138.5,138.515625,138.171875,138.359375,9401
2020-12-15,138.296875,138.578125,138.265625,138.484375,7781
2020-12-16,138.328125,138.421875,138.109375,138.421875,1538
2020-12-17,138.296875,138.53125,138.203125,138.296875,1971
2020-12-18,138.203125,138.390625,138.1875,138.359375,4874
2020-12-21,138.40625,138.703125,138.328125,138.65625,1279412
2020-12-22,137.984375,138.0,137.765625,137.796875,795131
2020-12-23,137.765625,138.09375,137.625,137.984375,1094067
2020-12-24,137.875,137.9375,137.734375,137.796875,256470
2020-12-28,137.921875,137.984375,137.671875,137.921875,610234
2020-12-29,137.921875,137.96875,137.796875,137.96875,775267
2020-12-30,137.96875,137.984375,137.75,137.890625,741740
2020-12-31,138.078125,138.109375,137.890625,137.96875,852085
2021-01-04,138.125,138.171875,137.8125,137.96875,1324874
2021-01-05,137.84375,138.15625,137.78125,138.15625,1316963
2021-01-06,137.203125,137.921875,137.09375,137.828125,2672939
2021-01-07,136.953125,137.296875,136.84375,137.234375,1719014
2021-01-08,136.65625,136.921875,136.515625,136.875,2385260
2021-01-11,136.421875,136.75,136.296875,136.5625,1552850
2021-01-12,136.390625,136.453125,136.03125,136.3125,2097810
2021-01-13,136.765625,136.859375,136.375,136.421875,1877583
2021-01-14,136.5625,136.875,136.5,136.796875,1704013
2021-01-15,136.859375,136.953125,136.515625,136.53125,1385980
2021-01-19,136.9375,136.984375,136.65625,136.921875,1497258
2021-01-20,136.96875,137.0625,136.796875,136.953125,1255751
2021-01-21,136.890625,137.0625,136.734375,137.0,1359281
2021-01-22,137.03125,137.078125,136.8125,136.875,1289159
2021-01-25,137.375,137.453125,136.9375,137.03125,1404902
2021-01-26,137.375,137.453125,137.265625,137.421875,1121552
2021-01-27,137.53125,137.640625,137.28125,137.375,1667733
2021-01-28,137.25,137.59375,137.125,137.5,2184019
2021-01-29,137.03125,137.328125,136.890625,137.265625,2708254
2021-02-01,137.1875,137.296875,137.0625,137.171875,1192644
2021-02-02,136.9375,137.21875,136.875,137.15625,1221784
2021-02-03,136.796875,137.015625,136.71875,137.015625,1400220
2021-02-04,136.796875,136.84375,136.59375,136.734375,1424723
2021-02-05,136.6875,136.921875,136.5,136.765625,2306009
2021-02-08,136.6875,136.78125,136.453125,136.671875,1342801
2021-02-09,136.71875,136.8125,136.609375,136.625,1232418
2021-02-10,136.921875,136.984375,136.578125,136.703125,1584234
2021-02-11,136.859375,137.0625,136.796875,136.984375,1368706
2021-02-12,136.546875,136.9375,136.46875,136.8125,1558315
2021-02-16,135.78125,136.46875,135.640625,136.453125,3257558
2021-02-17,135.75,135.953125,135.46875,135.65625,3256049
2021-02-18,135.859375,136.0625,135.625,135.953125,2072926
2021-02-19,135.453125,135.890625,135.328125,135.828125,2898170
2021-02-22,135.328125,135.59375,135.03125,135.421875,3751139
2021-02-23,135.421875,135.5625,135.203125,135.34375,4343895
2021-02-24,135.15625,135.71875,134.859375,135.546875,3620025
2021-02-25,133.671875,135.28125,133.078125,135.234375,2008086
2021-02-26,133.796875,134.390625,133.328125,133.703125,190738
2021-03-01,134.28125,134.578125,134.09375,134.265625,34642
2021-03-02,134.640625,134.84375,134.265625,134.421875,19829
2021-03-03,134.140625,134.734375,133.953125,134.734375,13338
2021-03-04,133.5,134.28125,133.484375,134.0625,19162
2021-03-05,133.453125,133.625,132.875,133.4375,9767
2021-03-08,132.984375,133.21875,132.9375,133.140625,16804
2021-03-09,133.40625,133.484375,132.96875,132.96875,2399
2021-03-10,133.625,133.71875,133.296875,133.484375,3636
2021-03-11,133.71875,134.09375,133.515625,133.578125,14660
2021-03-12,132.90625,133.609375,132.890625,133.609375,9884
2021-03-15,133.078125,133.15625,132.890625,133.109375,4168
2021-03-16,133.078125,133.296875,133.015625,133.1875,2019
2021-03-17,133.234375,133.234375,132.65625,133.015625,5391
2021-03-18,132.4375,133.140625,132.234375,133.140625,1718
2021-03-19,132.359375,132.796875,132.3125,132.53125,10739
2021-03-22,132.75,132.78125,132.625,132.625,1302317
2021-03-23,131.921875,132.09375,131.4375,131.484375,1562826
2021-03-24,132.09375,132.28125,131.8125,132.015625,1694888
2021-03-25,132.140625,132.296875,131.890625,132.125,2049220
2021-03-26,131.765625,132.125,131.625,131.953125,1486510
2021-03-29,131.359375,131.984375,131.296875,131.640625,1450487
2021-03-30,131.1875,131.421875,130.8125,131.390625,1894739
2021-03-31,130.9375,131.296875,130.90625,131.296875,2350602
2021-04-01,131.421875,131.546875,130.90625,130.984375,1587843
2021-04-05,131.109375,131.265625,130.796875,130.953125,919100
2021-04-06,131.6875,131.734375,131.109375,131.28125,1385977
2021-04-07,131.828125,131.953125,131.578125,131.671875,1409520
2021-04-08,132.0,132.09375,131.65625,131.65625,1171916
2021-04-09,131.734375,132.078125,131.46875,132.046875,1570458
2021-04-12,131.625,131.890625,131.53125,131.734375,1179342
2021-04-13,132.078125,132.125,131.375,131.703125,1747605
2021-04-14,131.921875,132.1875,131.78125,132.109375,1339839
2021-04-15,132.65625,132.6875,131.828125,131.90625,2236329
2021-04-16,132.375,132.546875,132.1875,132.390625,1487904
2021-04-19,132.234375,132.5625,132.046875,132.34375,1211489
2021-04-20,132.5625,132.609375,131.984375,132.203125,1414513
2021-04-21,132.53125,132.640625,132.359375,132.578125,1264344
2021-04-22,132.546875,132.765625,132.28125,132.53125,1465180
2021-04-23,132.4375,132.734375,132.3125,132.640625,1165827
2021-04-26,132.375,132.5,132.15625,132.390625,1351777
2021-04-27,132.03125,132.390625,131.953125,132.359375,1418589
2021-04-28,132.09375,132.203125,131.71875,132.015625,1705772
2021-04-29,131.984375,132.171875,131.578125,132.171875,1634108
2021-04-30,132.03125,132.140625,131.8125,131.96875,2003114
2021-05-03,132.328125,132.5,131.828125,132.046875,1540326
2021-05-04,132.421875,132.734375,132.15625,132.328125,1989203
2021-05-05,132.546875,132.671875,132.171875,132.421875,1454032
2021-05-06,132.671875,132.75,132.515625,132.625,1366666
2021-05-07,132.75,133.515625,132.546875,132.578125,2831157
2021-05-10,132.609375,132.953125,132.5625,132.703125,1410630
2021-05-11,132.453125,132.734375,132.390625,132.609375,1574618
2021-05-12,131.921875,132.5625,131.875,132.453125,2488669
2021-05-13,132.1875,132.3125,131.84375,131.921875,1901751
2021-05-14,132.40625,132.53125,132.1875,132.21875,1608810
2021-05-17,132.34375,132.671875,132.25,132.421875,1189252
2021-05-18,132.390625,132.453125,132.234375,132.25,998216
2021-05-19,132.03125,132.578125,131.9375,132.390625,2044316
2021-05-20,132.484375,132.53125,132.03125,132.09375,1619543
2021-05-21,132.4375,132.625,132.375,132.5,1695356
2021-05-24,132.625,132.6875,132.46875,132.53125,2367110
2021-05-25,132.96875,133.046875,132.59375,132.625,4052084
2021-05-26,132.90625,133.0625,132.828125,132.984375,2845547
2021-05-27,132.6875,132.9375,132.5625,132.84375,985340
2021-05-28,132.859375,132.96875,132.5625,132.6875,180702
2021-06-01,132.734375,132.8125,132.5625,132.734375,47305
2021-06-02,132.859375,132.921875,132.671875,132.71875,13754
2021-06-03,132.53125,132.890625,132.515625,132.859375,13060
2021-06-04,133.125,133.140625,132.5,132.546875,16682
2021-06-07,133.03125,133.09375,132.953125,133.09375,4593
2021-06-08,133.359375,133.453125,133.0625,133.0625,11241
2021-06-09,133.640625,133.78125,133.296875,133.296875,20352
2021-06-10,133.796875,133.984375,133.25,133.671875,9921
2021-06-11,133.703125,134.0625,133.65625,133.9375,16823
2021-06-14,133.421875,133.796875,133.375,133.765625,8431
2021-06-15,133.4375,133.59375,133.375,133.46875,3563
2021-06-16,132.703125,133.546875,132.53125,133.46875,5328
2021-06-17,132.90625,133.046875,132.484375,132.5625,8405
2021-06-18,133.15625,133.25,132.6875,132.84375,3522
2021-06-21,133.0625,133.546875,132.609375,133.359375,1942226
2021-06-22,132.359375,132.4375,132.015625,132.171875,1384211
2021-06-23,132.1875,132.46875,132.109375,132.390625,1303395
2021-06-24,132.171875,132.28125,132.03125,132.15625,1224046
2021-06-25,131.859375,132.265625,131.765625,132.109375,1252104
2021-06-28,132.265625,132.328125,131.890625,131.921875,966673
2021-06-29,132.265625,132.296875,132.015625,132.25,1042488
2021-06-30,132.5,132.5625,132.1875,132.28125,1715181
2021-07-01,132.265625,132.46875,132.1875,132.3125,1124574
2021-07-02,132.671875,132.796875,132.234375,132.375,1303525
2021-07-06,133.21875,133.390625,132.578125,132.75,1946423
2021-07-07,133.546875,133.703125,133.203125,133.34375,1846518
2021-07-08,133.890625,134.09375,133.515625,133.578125,1926487
2021-07-09,133.421875,133.8125,133.375,133.796875,1208316
2021-07-12,133.40625,133.640625,133.265625,133.390625,1349716
2021-07-13,132.984375,133.5625,132.96875,133.40625,2021905
2021-07-14,133.453125,133.53125,132.9375,132.96875,1469059
2021-07-15,133.796875,133.875,133.4375,133.5,1503254
2021-07-16,133.78125,133.84375,133.453125,133.78125,1061127
2021-07-19,134.6875,134.796875,133.8125,133.84375,2253335
2021-07-20,134.671875,135.21875,134.4375,134.59375,2194456
2021-07-21,134.109375,134.828125,133.984375,134.53125,1909685
2021-07-22,134.25,134.46875,133.859375,134.046875,1449036
2021-07-23,134.140625,134.21875,133.9375,134.125,916473
2021-07-26,134.203125,134.59375,134.0625,134.1875,1068621
2021-07-27,134.46875,134.5625,134.09375,134.109375,1204331
2021-07-28,134.265625,134.5625,134.078125,134.390625,1555292
2021-07-29,134.21875,134.5,134.09375,134.453125,1386720
2021-07-30,134.453125,134.59375,134.1875,134.1875,1753454
2021-08-02,135.0,135.15625,134.453125,134.53125,1379439
2021-08-03,135.0,135.1875,134.78125,134.90625,1081659
2021-08-04,134.828125,135.4375,134.625,134.984375,1722812
2021-08-05,134.5,134.90625,134.390625,134.828125,1272560
2021-08-06,134.0,134.46875,133.890625,134.421875,1603639
2021-08-09,133.78125,134.203125,133.65625,133.90625,1178694
2021-08-10,133.546875,133.859375,133.46875,133.703125,1281304
2021-08-11,133.578125,133.90625,133.296875,133.515625,1724961
2021-08-12,133.453125,133.78125,133.40625,133.59375,956949
2021-08-13,133.953125,134.09375,133.46875,133.515625,967146
2021-08-16,134.328125,134.5625,134.0625,134.078125,1375814
2021-08-17,134.265625,134.609375,134.15625,134.234375,1409107
2021-08-18,134.140625,134.3125,133.90625,134.21875,1371502
2021-08-19,134.328125,134.53125,134.171875,134.21875,1408900
2021-08-20,134.125,134.4375,134.0625,134.296875,1095887
2021-08-23,134.21875,134.265625,133.9375,134.140625,1225950
2021-08-24,133.984375,134.234375,133.921875,134.203125,1883385
2021-08-25,133.625,134.046875,133.546875,133.9375,3159904
2021-08-26,133.59375,133.6875,133.375,133.609375,3102536
2021-08-27,133.890625,133.96875,133.421875,133.515625,2464215
2021-08-30,134.125,134.1875,133.859375,133.90625,672062
2021-08-31,134.046875,134.28125,133.96875,134.140625,153595
2021-09-01,134.046875,134.234375,133.84375,134.0,80892
2021-09-02,134.125,134.21875,134.0625,134.0625,25878
2021-09-03,134.0,134.484375,133.875,134.1875,26714
2021-09-07,133.625,133.96875,133.53125,133.96875,17570
2021-09-08,133.859375,133.90625,133.609375,133.609375,8229
2021-09-09,134.09375,134.1875,133.765625,133.875,11052
2021-09-10,133.765625,134.09375,133.703125,134.046875,11379
2021-09-13,133.921875,133.984375,133.71875,133.796875,7019
2021-09-14,134.203125,134.3125,133.734375,133.90625,9751
2021-09-15,134.0,134.21875,133.890625,134.140625,5617
2021-09-16,133.703125,134.046875,133.5625,133.984375,6352
2021-09-17,133.40625,133.71875,133.28125,133.6875,7172
2021-09-20,133.84375,133.90625,133.375,133.375,2727
2021-09-21,133.859375,133.96875,133.640625,133.859375,1259839
2021-09-22,132.984375,133.390625,132.921875,133.171875,1694167
2021-09-23,132.375,133.1875,132.15625,133.1875,2148141
2021-09-24,132.015625,132.453125,131.96875,132.203125,1813289
2021-09-27,131.796875,132.171875,131.609375,132.078125,1856758
2021-09-28,131.46875,131.84375,131.21875,131.75,2477404
2021-09-29,131.46875,131.796875,131.3125,131.4375,2067859
2021-09-30,131.609375,131.953125,131.34375,131.65625,2058886
2021-10-01,132.171875,132.21875,131.75,131.890625,2027570
2021-10-04,132.078125,132.265625,131.859375,132.1875,1471686
2021-10-05,131.734375,132.109375,131.640625,132.078125,1485058
2021-10-06,131.71875,131.84375,131.40625,131.734375,1715889
2021-10-07,131.390625,131.78125,131.3125,131.71875,1404808
2021-10-08,131.140625,131.578125,131.03125,131.34375,2286634
2021-10-11,130.84375,131.046875,130.796875,131.03125,527137
2021-10-12,131.140625,131.234375,130.796875,130.84375,1701981
2021-10-13,131.21875,131.484375,130.796875,131.109375,2329391
2021-10-14,131.5,131.609375,131.1875,131.3125,1591700
2021-10-15,130.96875,131.53125,130.90625,131.515625,1579499
2021-10-18,130.765625,130.9375,130.4375,130.90625,2074254
2021-10-19,130.5625,130.96875,130.453125,130.640625,1437829
2021-10-20,130.640625,130.75,130.25,130.515625,1709628
2021-10-21,130.1875,130.578125,129.96875,130.4375,1769979
2021-10-22,130.34375,130.5,129.984375,130.0,1938170
2021-10-25,130.5625,130.6875,130.25,130.484375,1252112
2021-10-26,130.609375,130.703125,130.359375,130.59375,1273679
2021-10-27,131.171875,131.21875,130.4375,130.640625,2427913
2021-10-28,130.75,131.078125,130.609375,130.984375,2495837
2021-10-29,130.703125,130.875,130.234375,130.6875,2686126
2021-11-01,130.65625,130.796875,130.390625,130.640625,1479047
2021-11-02,130.96875,131.140625,130.640625,130.734375,1502792
2021-11-03,130.765625,131.171875,130.484375,130.921875,1821995
2021-11-04,131.3125,131.4375,130.5625,130.59375,1713598
2021-11-05,131.828125,131.953125,131.046875,131.21875,2046414
2021-11-08,131.296875,131.796875,131.25,131.71875,1179373
2021-11-09,131.84375,131.921875,131.328125,131.34375,1633463
2021-11-10,130.734375,131.78125,130.5625,131.75,2295387
2021-11-11,130.328125,130.8125,130.28125,130.734375,525839
2021-11-12,130.53125,130.8125,130.3125,130.359375,1363018
2021-11-15,130.296875,130.859375,130.234375,130.625,1183106
2021-11-16,130.171875,130.53125,130.09375,130.3125,1407795
2021-11-17,130.453125,130.59375,130.046875,130.15625,1289899
2021-11-18,130.578125,130.671875,130.359375,130.515625,1363815
2021-11-19,130.875,131.25,130.421875,130.578125,2136578
2021-11-22,130.0,130.75,129.90625,130.75,3135163
2021-11-23,129.78125,130.0625,129.59375,129.96875,3340651
2021-11-24,129.828125,130.109375,129.5,129.765625,3184097
2021-11-26,131.171875,131.328125,129.75,129.84375,2089384
2021-11-29,131.046875,131.328125,130.640625,130.96875,908346
2021-11-30,131.546875,132.046875,131.03125,131.296875,231969
2021-12-01,131.640625,131.84375,130.953125,131.46875,55985
2021-12-02,131.3125,131.78125,131.1875,131.734375,30328
2021-12-03,132.125,132.265625,131.140625,131.46875,21444
2021-12-06,131.34375,131.921875,131.3125,131.921875,10647
2021-12-07,131.03125,131.453125,131.0,131.4375,7628
2021-12-08,130.921875,131.421875,130.671875,131.1875,8456
2021-12-09,131.078125,131.234375,130.703125,130.875,7912
2021-12-10,131.09375,131.375,130.78125,131.046875,3295
2021-12-13,131.515625,131.59375,130.96875,131.125,4719
2021-12-14,131.296875,131.546875,131.171875,131.46875,4976
2021-12-15,131.15625,131.40625,130.9375,131.34375,4319
2021-12-16,131.765625,131.765625,131.140625,131.203125,3297
2021-12-17,131.828125,132.0625,131.71875,131.71875,1109
2021-12-20,131.828125,132.1875,131.765625,131.984375,1598
2021-12-21,131.21875,131.90625,131.171875,131.828125,1027368
2021-12-22,130.734375,130.890625,130.53125,130.75,760008
2021-12-23,130.546875,130.8125,130.46875,130.734375,557414
2021-12-27,130.5625,130.671875,130.40625,130.5,471863
2021-12-28,130.609375,130.765625,130.515625,130.59375,550228
2021-12-29,130.21875,130.734375,130.09375,130.625,971676
2021-12-30,130.40625,130.5,130.171875,130.1875,810924
2021-12-31,130.46875,130.578125,130.3125,130.4375,759832
2022-01-03,129.4375,130.34375,129.390625,130.328125,1428084
2022-01-04,129.28125,129.59375,129.125,129.5,1703196
2022-01-05,128.84375,129.4375,128.796875,129.390625,1696842
2022-01-06,128.53125,129.0,128.4375,128.84375,1793082
2022-01-07,128.296875,128.75,128.03125,128.625,1964516
2022-01-10,128.140625,128.375,127.9375,128.328125,1564056
2022-01-11,128.390625,128.46875,128.03125,128.265625,1676788
2022-01-12,128.578125,128.703125,128.328125,128.46875,1518137
2022-01-13,128.71875,128.84375,128.25,128.375,1330020
2022-01-14,128.1875,128.796875,128.03125,128.75,1628936
2022-01-18,127.375,128.046875,127.25,128.03125,2515636
2022-01-19,127.671875,127.734375,127.0625,127.296875,1962013
2022-01-20,127.703125,127.953125,127.25,127.34375,1482619
2022-01-21,128.3125,128.5,127.875,127.90625,2108462
2022-01-24,128.515625,128.703125,127.984375,128.21875,2158245
2022-01-25,128.125,128.53125,128.03125,128.203125,1738476
2022-01-26,127.515625,128.265625,127.203125,128.203125,1963794
2022-01-27,127.65625,127.875,127.28125,127.34375,2216921
2022-01-28,127.953125,128.03125,127.328125,127.671875,1887669
2022-01-31,127.96875,128.046875,127.671875,127.90625,1853973
2022-02-01,127.875,128.359375,127.6875,128.015625,1703462
2022-02-02,128.125,128.296875,127.765625,127.875,1358564
2022-02-03,127.640625,128.234375,127.5,128.03125,1654216
2022-02-04,126.765625,127.75,126.734375,127.578125,2145743
2022-02-07,126.90625,127.03125,126.703125,126.84375,1278721
2022-02-08,126.578125,126.921875,126.46875,126.890625,1564968
2022-02-09,126.75,126.921875,126.421875,126.484375,1684111
2022-02-10,125.796875,126.8125,125.546875,126.640625,3162240
2022-02-11,126.390625,126.734375,125.59375,125.75,3004129
2022-02-14,125.984375,126.796875,125.78125,126.515625,2318254
2022-02-15,125.734375,126.203125,125.578125,126.03125,1816955
2022-02-16,125.8125,126.03125,125.640625,125.703125,1812339
2022-02-17,126.421875,126.484375,125.78125,125.796875,2028872
2022-02-18,126.671875,126.796875,126.21875,126.484375,1757647
2022-02-22,126.46875,127.28125,126.375,126.796875,4427866
2022-02-23,126.28125,126.609375,126.09375,126.515625,3837304
2022-02-24,126.46875,127.390625,126.1875,126.1875,3766786
2022-02-25,126.25,126.671875,126.0,126.453125,829641
2022-02-28,127.453125,127.59375,126.8125,126.984375,142954
2022-03-01,128.71875,128.953125,127.234375,127.5,113466
2022-03-02,127.3125,128.859375,127.078125,128.453125,47423
2022-03-03,127.5625,127.703125,127.15625,127.375,29591
2022-03-04,128.53125,128.828125,127.546875,127.546875,17361
2022-03-07,128.078125,129.0625,127.828125,128.734375,13565
2022-03-08,127.171875,128.046875,127.140625,127.953125,8898
2022-03-09,126.59375,127.46875,126.578125,127.375,4903
2022-03-10,126.09375,126.828125,126.046875,126.65625,7195
2022-03-11,126.015625,126.46875,125.953125,126.40625,1262
2022-03-14,124.953125,126.203125,124.890625,126.203125,2053
2022-03-15,124.8125,125.484375,124.8125,124.9375,3928
2022-03-16,124.453125,125.34375,124.046875,124.9375,3439
2022-03-17,124.515625,125.03125,124.453125,124.75,623
2022-03-18,124.8125,125.03125,124.65625,124.671875,892
2022-03-21,123.4375,124.84375,123.390625,124.84375,904
2022-03-22,122.921875,123.75,122.921875,123.5,1600511
2022-03-23,123.140625,123.375,122.375,122.640625,1632991
2022-03-24,122.921875,123.3125,122.515625,123.296875,1435544
2022-03-25,121.546875,122.9375,121.5,122.6875,1825165
2022-03-28,121.703125,122.1875,120.953125,121.671875,1775927
2022-03-29,122.328125,122.4375,121.09375,121.75,2067157
2022-03-30,122.625,122.828125,122.015625,122.328125,1760127
2022-03-31,122.875,123.125,122.578125,122.703125,2192637
2022-04-01,122.234375,122.671875,121.75,122.65625,1923816
2022-04-04,122.09375,122.390625,121.84375,122.078125,1216702
2022-04-05,120.921875,122.3125,120.796875,122.140625,1769170
2022-04-06,120.6875,121.046875,120.171875,120.9375,2146915
2022-04-07,120.546875,121.203125,120.390625,120.765625,1743647
2022-04-08,120.125,120.71875,119.90625,120.46875,1477697
2022-04-11,119.75,120.09375,119.53125,120.0,1441742
2022-04-12,120.5,120.8125,119.328125,119.71875,2176907
2022-04-13,120.796875,121.21875,119.96875,120.421875,1835432
2022-04-14,119.9375,121.28125,119.703125,120.671875,1780161
2022-04-18,119.640625,120.015625,119.359375,119.796875,889306
2022-04-19,119.109375,119.828125,118.84375,119.609375,1602021
2022-04-20,119.5,119.640625,118.609375,118.921875,1770234
2022-04-21,118.75,119.5625,118.4375,119.515625,1597287
2022-04-22,118.9375,119.140625,118.25,118.71875,1541396
2022-04-25,119.609375,120.1875,118.828125,118.953125,1800272
2022-04-26,120.046875,120.5,119.234375,119.53125,1562018
2022-04-27,119.796875,120.578125,119.59375,120.4375,1599187
2022-04-28,119.359375,120.03125,119.203125,119.6875,1938440
2022-04-29,119.15625,119.75,118.75,119.65625,2139536
2022-05-02,118.34375,119.0625,118.21875,118.75,1282256
2022-05-03,118.515625,118.9375,118.140625,118.390625,1389133
2022-05-04,119.15625,119.203125,118.140625,118.375,1775883
2022-05-05,118.0625,119.296875,117.8125,118.921875,2047770
2022-05-06,117.796875,118.296875,117.578125,118.1875,1750115
2022-05-09,118.1875,118.609375,117.265625,117.625,1713326
2022-05-10,118.78125,119.1875,118.25,118.453125,1812986
2022-05-11,119.265625,119.40625,118.109375,118.765625,2222622
2022-05-12,120.0,120.015625,119.140625,119.1875,1997731
2022-05-13,119.171875,119.734375,119.09375,119.71875,1200488
2022-05-16,119.671875,119.859375,119.046875,119.203125,1165327
2022-05-17,118.859375,119.75,118.65625,119.671875,1395521
2022-05-18,119.4375,119.53125,118.5,118.71875,1740614
2022-05-19,119.703125,120.3125,119.1875,119.421875,2264358
2022-05-20,120.125,120.265625,119.5,119.828125,1496733
2022-05-23,119.578125,120.109375,119.484375,120.109375,1634748
2022-05-24,120.375,120.6875,119.5625,119.65625,3479511
2022-05-25,120.59375,120.8125,120.296875,120.40625,3366992
2022-05-26,120.59375,120.96875,120.3125,120.59375,1859472
2022-05-27,120.484375,120.84375,120.4375,120.609375,644383
2022-05-31,119.84375,120.578125,119.578125,120.515625,144727
2022-06-01,119.046875,119.875,118.921875,119.796875,54580
2022-06-02,119.28125,119.359375,119.0,119.203125,24637
2022-06-03,119.046875,119.359375,118.84375,119.265625,16495
2022-06-06,118.453125,119.234375,118.421875,119.125,17276
2022-06-07,118.953125,119.046875,118.234375,118.453125,7173
2022-06-08,118.609375,118.890625,118.5,118.890625,6252
2022-06-09,118.421875,118.734375,118.25,118.546875,3176
2022-06-10,117.3125,118.625,117.25,118.453125,6902
2022-06-13,115.796875,117.09375,115.25,117.03125,7455
2022-06-14,114.96875,116.640625,114.96875,115.875,2242
2022-06-15,115.6875,116.390625,114.9375,114.9375,3367
2022-06-16,116.34375,116.34375,115.15625,115.859375,1857
2022-06-17,116.6875,117.046875,116.25,116.75,720
2022-06-21,116.34375,117.21875,116.1875,116.78125,1274461
2022-06-22,116.953125,117.1875,115.890625,115.921875,1702409
2022-06-23,117.65625,118.25,116.796875,116.875,2222245
2022-06-24,117.34375,118.0,117.21875,117.53125,1330462
2022-06-27,116.8125,117.40625,116.578125,117.265625,1191859
2022-06-28,116.703125,117.03125,116.34375,116.75,1280037
2022-06-29,117.515625,117.59375,116.828125,116.890625,1235032
2022-06-30,118.53125,118.5625,117.4375,117.546875,1849397
2022-07-01,119.265625,120.125,118.1875,118.28125,1991276
2022-07-05,119.921875,120.21875,118.71875,119.46875,1761880
2022-07-06,119.046875,120.515625,118.84375,119.890625,1618742
2022-07-07,118.265625,119.15625,118.1875,118.859375,1401151
2022-07-08,117.625,118.625,117.5625,118.359375,1354657
2022-07-11,118.375,118.59375,117.578125,117.6875,1098384
2022-07-12,118.65625,119.09375,118.296875,118.296875,1473376
2022-07-13,118.921875,119.1875,117.75,118.546875,2141891
2022-07-14,118.5,118.9375,117.890625,118.78125,1657510
2022-07-15,118.640625,119.0,118.359375,118.421875,1206554
2022-07-18,118.46875,118.921875,118.0,118.65625,934835
2022-07-19,117.96875,118.484375,117.859375,118.1875,1036276
2022-07-20,117.78125,118.546875,117.734375,117.90625,1151592
2022-07-21,118.90625,119.203125,117.453125,117.8125,1814052
2022-07-22,119.890625,120.34375,118.9375,119.125,1799046
2022-07-25,119.65625,120.078125,119.484375,120.0625,1031506
2022-07-26,119.859375,120.484375,119.671875,119.828125,1126477
2022-07-27,120.421875,120.484375,119.609375,119.71875,1309166
2022-07-28,120.984375,121.265625,119.734375,120.0,1861248
2022-07-29,121.140625,121.390625,120.53125,120.96875,1992752
2022-08-01,121.359375,121.625,120.84375,121.0625,1352861
2022-08-02,120.125,122.0625,119.984375,121.609375,1984438
2022-08-03,120.09375,120.5,119.328125,120.125,1860557
2022-08-04,120.734375,120.90625,120.09375,120.375,1335255
2022-08-05,119.375,120.765625,119.234375,120.609375,1540474
2022-08-08,119.859375,120.015625,119.265625,119.3125,973724
2022-08-09,119.484375,119.96875,119.390625,119.875,961364
2022-08-10,119.75,120.6875,119.34375,119.5625,1694075
2022-08-11,119.09375,120.234375,118.96875,119.765625,1468557
2022-08-12,119.265625,119.46875,118.953125,119.0625,1105804
2022-08-15,119.703125,119.96875,119.140625,119.34375,970926
2022-08-16,119.390625,119.890625,119.125,119.78125,967317
2022-08-17,118.765625,119.453125,118.546875,119.40625,1254160
2022-08-18,118.84375,119.234375,118.5625,118.71875,1155689
2022-08-19,118.109375,118.921875,118.03125,118.890625,1173347
2022-08-22,117.71875,118.4375,117.671875,118.25,1321186
2022-08-23,117.625,118.21875,117.453125,117.84375,1884881
2022-08-24,117.25,117.90625,117.109375,117.6875,2864145
2022-08-25,117.78125,117.8125,117.109375,117.21875,2847872
2022-08-26,117.578125,117.921875,117.296875,117.796875,2032906
2022-08-29,117.03125,117.453125,116.828125,117.453125,1033735
2022-08-30,117.0,117.453125,116.703125,117.046875,517092
2022-08-31,116.875,117.171875,116.375,117.03125,143296
2022-09-01,115.984375,116.53125,115.71875,116.4375,69501
2022-09-02,116.65625,116.796875,115.875,115.9375,39999
2022-09-06,115.609375,116.84375,115.5,116.53125,33570
2022-09-07,116.171875,116.234375,115.453125,115.578125,13056
2022-09-08,115.96875,116.703125,115.734375,116.15625,13342
2022-09-09,115.734375,116.328125,115.671875,115.765625,4911
2022-09-12,115.59375,116.140625,115.515625,115.765625,9642
2022-09-13,114.921875,116.09375,114.71875,115.78125,10484
2022-09-14,114.953125,115.171875,114.546875,114.921875,3772
2022-09-15,114.484375,114.875,114.46875,114.875,4011
2022-09-16,114.75,114.921875,114.34375,114.5625,4915
2022-09-19,114.359375,114.71875,114.296875,114.71875,956
2022-09-20,113.84375,114.5,113.75,114.5,2478
2022-09-21,113.625,114.078125,113.625,113.921875,1791263
2022-09-22,112.75,114.0,112.671875,113.90625,2281428
2022-09-23,112.625,112.953125,111.78125,112.703125,2155629
2022-09-26,111.359375,112.703125,111.015625,112.703125,2126534
2022-09-27,110.890625,112.046875,110.6875,111.0625,2340232
2022-09-28,112.859375,112.9375,110.59375,111.015625,2908370
2022-09-29,112.453125,112.65625,111.640625,112.625,1953819
2022-09-30,112.0625,112.890625,111.734375,112.09375,2037126
2022-10-03,113.203125,113.859375,111.796875,111.828125,1869420
2022-10-04,113.5,113.9375,113.171875,113.234375,1769493
2022-10-05,112.53125,113.53125,112.265625,113.296875,1611470
2022-10-06,111.9375,112.703125,111.84375,112.546875,1481654
2022-10-07,111.484375,111.96875,111.1875,111.90625,1333196
2022-10-10,111.015625,111.671875,110.703125,111.4375,472366
2022-10-11,111.140625,111.6875,110.671875,111.09375,1640605
2022-10-12,111.484375,111.640625,110.9375,111.0625,1395612
2022-10-13,111.015625,111.890625,110.0625,111.515625,2273852
2022-10-14,110.59375,111.71875,110.4375,111.046875,1731123
2022-10-17,110.703125,111.40625,110.5625,110.703125,1042028
2022-10-18,110.90625,111.140625,110.453125,110.71875,1330805
2022-10-19,110.0,110.90625,109.890625,110.828125,1487367
2022-10-20,109.359375,110.21875,109.265625,109.9375,1637008
2022-10-21,109.796875,109.96875,108.828125,109.390625,2475242
2022-10-24,109.734375,110.46875,109.40625,109.78125,1547877
2022-10-25,110.5625,110.984375,109.625,109.65625,1943598
2022-10-26,111.09375,111.265625,110.5,110.5625,1707764
2022-10-27,111.6875,111.96875,110.5625,111.125,2359431
2022-10-28,111.0,111.9375,110.796875,111.84375,1799079
2022-10-31,110.59375,110.953125,110.375,110.90625,1866622
2022-11-01,110.578125,111.640625,110.484375,110.734375,1837010
2022-11-02,110.625,111.28125,110.15625,110.5625,1606698
2022-11-03,110.03125,110.296875,109.375,110.25,1582083
2022-11-04,110.046875,110.375,109.328125,109.890625,1604687
2022-11-07,109.640625,110.1875,109.578125,110.09375,1045572
2022-11-08,110.28125,110.328125,109.4375,109.625,1249958
2022-11-09,110.328125,110.765625,110.0,110.296875,1452703
2022-11-10,112.515625,112.59375,110.390625,110.671875,2595697
2022-11-11,112.3125,112.5625,112.0,112.53125,701232
2022-11-14,112.125,112.21875,111.859375,112.125,1444981
2022-11-15,112.5625,112.984375,112.015625,112.140625,1777674
2022-11-16,113.203125,113.34375,112.25,112.671875,1631687
2022-11-17,112.625,113.296875,112.40625,113.15625,1467726
2022-11-18,112.296875,112.796875,112.203125,112.625,1127239
2022-11-21,112.3125,112.71875,112.125,112.265625,1762759
2022-11-22,112.609375,112.703125,112.203125,112.234375,3180523
2022-11-23,112.953125,113.09375,112.234375,112.578125,3103710
2022-11-25,113.03125,113.46875,112.609375,113.0,1362564
2022-11-28,112.921875,113.53125,112.875,113.125,1819031
2022-11-29,112.71875,113.34375,112.59375,112.984375,621288
2022-11-30,113.21875,113.8125,112.296875,112.71875,132675
2022-12-01,114.296875,114.453125,113.515625,113.765625,43465
2022-12-02,114.359375,114.578125,113.40625,114.390625,29400
2022-12-05,113.59375,114.328125,113.53125,114.328125,14387
2022-12-06,114.09375,114.125,113.59375,113.734375,5657
2022-12-07,114.859375,114.875,113.8125,114.078125,7373
2022-12-08,114.1875,114.65625,114.125,114.640625,3251
2022-12-09,113.828125,114.4375,113.8125,114.265625,2477
2022-12-12,113.59375,114.0625,113.484375,113.75,1817
2022-12-13,114.53125,115.0625,113.609375,113.671875,1737
2022-12-14,114.453125,114.828125,114.03125,114.5625,2090
2022-12-15,114.703125,114.765625,114.484375,114.484375,790
2022-12-16,114.671875,114.828125,114.171875,114.53125,576
2022-12-19,114.046875,114.625,113.546875,114.390625,470
2022-12-20,113.453125,114.125,113.453125,114.125,1401157
2022-12-21,113.5625,114.046875,113.296875,113.5,981158
2022-12-22,113.546875,113.90625,113.421875,113.671875,795954
2022-12-23,113.078125,113.484375,112.96875,113.421875,752313
2022-12-27,112.328125,113.203125,112.3125,113.1875,691957
2022-12-28,112.1875,112.6875,112.125,112.484375,759767
2022-12-29,112.4375,112.5625,112.15625,112.21875,810811
2022-12-30,112.296875,112.515625,111.875,112.5,1314511
2023-01-03,112.640625,113.109375,112.390625,112.5625,1471344
2023-01-04,113.1875,113.484375,112.828125,112.890625,1520223
2023-01-05,113.015625,113.359375,112.578125,113.328125,1375647
2023-01-06,114.21875,114.359375,112.640625,113.015625,2171557
2023-01-09,114.625,114.734375,114.0,114.234375,1491031
2023-01-10,114.0,114.609375,113.828125,114.46875,1363124
2023-01-11,114.4375,114.59375,113.984375,114.0,1393845
2023-01-12,115.234375,115.421875,114.0,114.5,2373580
2023-01-13,114.765625,115.484375,114.75,115.265625,1468528
2023-01-17,114.671875,114.921875,114.296875,114.796875,1568077
2023-01-18,115.90625,115.953125,114.5,114.5625,2306893
2023-01-19,115.640625,116.25,115.453125,115.859375,1712227
2023-01-20,115.0625,115.65625,114.859375,115.640625,1364331
2023-01-23,114.6875,115.21875,114.59375,115.03125,1053149
2023-01-24,115.03125,115.125,114.4375,114.75,1278470
2023-01-25,115.140625,115.40625,114.921875,115.140625,1300044
2023-01-26,114.859375,115.28125,114.671875,115.234375,1274095
2023-01-27,114.609375,114.875,114.375,114.78125,1143961
2023-01-30,114.28125,114.78125,114.171875,114.65625,1185210
2023-01-31,114.515625,114.8125,114.296875,114.40625,2074922
2023-02-01,115.484375,115.59375,114.546875,114.640625,2129670
2023-02-02,115.546875,116.0,115.3125,115.3125,1955041
2023-02-03,114.421875,115.703125,114.25,115.5,2558318
2023-02-06,113.5,114.359375,113.328125,114.34375,1911414
2023-02-07,113.234375,113.875,113.171875,113.453125,2036895
2023-02-08,113.40625,113.640625,113.1875,113.25,1582789
2023-02-09,113.03125,113.8125,113.0,113.65625,1498491
2023-02-10,112.6875,113.21875,112.625,113.1875,1579627
2023-02-13,112.78125,112.890625,112.53125,112.640625,1189982
2023-02-14,112.328125,113.546875,112.09375,112.875,2453173
2023-02-15,112.046875,112.5625,111.96875,112.40625,1855646
2023-02-16,111.890625,112.359375,111.640625,112.03125,2097321
2023-02-17,112.0,112.078125,111.265625,111.734375,1656139
2023-02-21,111.0625,112.015625,110.984375,111.984375,2819904
2023-02-22,111.203125,111.453125,110.953125,111.0625,4135478
2023-02-23,111.4375,111.53125,110.796875,111.203125,3909824
2023-02-24,110.921875,111.59375,110.65625,111.40625,2328540
2023-02-27,111.140625,111.328125,110.71875,110.890625,814223
2023-02-28,111.171875,111.25,110.75,111.15625,114262
2023-03-01,110.5625,111.140625,110.484375,111.09375,39659
2023-03-02,110.09375,110.625,109.984375,110.578125,27195
2023-03-03,110.65625,110.71875,110.078125,110.140625,16855
2023-03-06,110.5625,111.046875,110.546875,110.640625,9249
2023-03-07,110.515625,110.9375,110.3125,110.609375,5216
2023-03-08,110.453125,110.96875,110.25,110.453125,4166
2023-03-09,111.015625,111.21875,110.265625,110.4375,3849
2023-03-10,112.625,112.703125,111.265625,111.265625,11578
2023-03-13,114.140625,114.734375,112.3125,112.53125,5577
2023-03-14,113.34375,114.296875,112.859375,113.671875,673
2023-03-15,114.53125,115.203125,112.96875,113.109375,4190
2023-03-16,113.65625,115.234375,113.609375,114.953125,2407
2023-03-17,115.125,115.234375,113.984375,114.0,513
2023-03-20,114.59375,115.9375,114.421875,115.9375,316
2023-03-21,113.640625,114.46875,113.640625,114.46875,513
2023-03-22,113.71875,113.796875,113.421875,113.765625,1836083
2023-03-23,115.984375,116.25,115.03125,115.453125,1893877
2023-03-24,116.109375,117.046875,115.671875,115.890625,2090833
2023-03-27,114.984375,116.203125,114.875,116.171875,1348508
2023-03-28,114.640625,115.234375,114.53125,114.984375,1347202
2023-03-29,114.53125,114.875,114.21875,114.578125,1409929
2023-03-30,114.578125,114.734375,114.21875,114.46875,1135333
2023-03-31,114.921875,115.109375,114.28125,114.53125,1781669
2023-04-03,115.453125,115.671875,114.5625,114.90625,1538280
2023-04-04,116.25,116.28125,115.078125,115.578125,1438906
2023-04-05,116.578125,116.9375,115.90625,116.171875,1514272
2023-04-06,116.546875,116.9375,116.34375,116.390625,1278514
2023-04-10,115.515625,115.984375,115.375,115.765625,795164
2023-04-11,115.375,115.78125,115.203125,115.484375,1044936
2023-04-12,115.703125,116.25,115.25,115.453125,1622587
2023-04-13,115.453125,116.09375,115.390625,115.890625,1212125
2023-04-14,114.859375,115.71875,114.71875,115.515625,1508808
2023-04-17,114.359375,114.96875,114.25,114.859375,1067311
2023-04-18,114.484375,114.671875,114.25,114.296875,1146560
2023-04-19,114.1875,114.453125,113.953125,114.421875,1356814
2023-04-20,114.65625,114.8125,114.21875,114.25,1148900
2023-04-21,114.46875,115.0,114.40625,114.703125,1082259
2023-04-24,114.875,115.0625,114.453125,114.46875,840959
2023-04-25,115.796875,115.9375,115.03125,115.03125,1770793
2023-04-26,115.546875,115.953125,115.3125,115.75,1698122
2023-04-27,114.734375,115.546875,114.65625,115.421875,1522224
2023-04-28,115.203125,115.484375,114.546875,114.78125,2075086
2023-05-01,114.5,115.421875,114.3125,115.421875,1019434
2023-05-02,115.5625,115.6875,114.46875,114.53125,1712580
2023-05-03,115.90625,116.484375,115.546875,115.609375,1531941
2023-05-04,116.5625,117.0,115.96875,116.609375,2155476
2023-05-05,115.71875,116.375,115.421875,116.25,1264531
2023-05-08,115.171875,115.859375,115.15625,115.796875,972862
2023-05-09,115.1875,115.484375,115.046875,115.21875,1004781
2023-05-10,115.90625,115.96875,115.078125,115.171875,1433425
2023-05-11,116.046875,116.5,115.75,115.796875,1686585
2023-05-12,115.4375,116.21875,115.40625,116.078125,1170806
2023-05-15,115.234375,115.484375,115.15625,115.390625,1116051
2023-05-16,114.921875,115.578125,114.71875,115.21875,1827549
2023-05-17,114.578125,115.09375,114.484375,114.921875,1415912
2023-05-18,113.921875,114.75,113.859375,114.625,1742318
2023-05-19,113.5625,114.15625,113.34375,114.0,2022072
2023-05-22,113.46875,113.9375,113.328125,113.71875,1744930
2023-05-23,113.609375,113.6875,113.125,113.4375,2835142
2023-05-24,113.421875,113.78125,113.1875,113.671875,4353177
2023-05-25,112.625,113.390625,112.515625,113.203125,3711660
2023-05-26,112.40625,112.90625,112.171875,112.578125,2067964
2023-05-30,113.171875,113.3125,112.109375,112.375,1085057
2023-05-31,113.625,113.78125,113.140625,113.203125,117456
2023-06-01,113.921875,114.40625,113.21875,113.625,30584
2023-06-02,113.046875,113.984375,113.015625,113.96875,22951
2023-06-05,113.109375,113.3125,112.546875,112.953125,10145
2023-06-06,113.03125,113.375,112.84375,113.15625,9220
2023-06-07,112.53125,113.1875,112.359375,113.1875,5152
2023-06-08,113.03125,113.046875,112.28125,112.46875,1423
2023-06-09,112.65625,112.921875,112.578125,112.765625,938
2023-06-12,112.703125,112.875,112.078125,112.75,3806
2023-06-13,112.015625,113.4375,112.0,112.953125,2628
2023-06-14,112.203125,112.453125,111.875,112.28125,228
2023-06-15,112.828125,112.9375,112.015625,112.234375,1626
2023-06-16,112.40625,112.515625,112.359375,112.515625,498
2023-06-20,112.671875,112.890625,112.375,112.53125,678
2023-06-21,112.46875,112.53125,112.3125,112.3125,1404783
2023-06-22,112.734375,113.4375,112.65625,113.296875,1405552
2023-06-23,113.078125,113.484375,112.6875,112.75,1516582
2023-06-26,113.234375,113.515625,113.09375,113.125,1186600
2023-06-27,112.828125,113.40625,112.765625,113.203125,1476874
2023-06-28,113.25,113.296875,112.8125,112.84375,1426850
2023-06-29,112.125,113.265625,112.03125,113.25,1959722
2023-06-30,112.265625,112.390625,111.796875,112.234375,2102870
2023-07-03,111.9375,112.546875,111.859375,112.09375,1071547
2023-07-05,111.359375,112.125,111.328125,111.921875,1640832
2023-07-06,110.609375,111.46875,110.15625,111.421875,2270324
2023-07-07,110.671875,111.0,110.296875,110.734375,1716116
2023-07-10,111.140625,111.25,110.40625,110.53125,1292789
2023-07-11,111.265625,111.5,111.109375,111.171875,1220062
2023-07-12,112.265625,112.375,111.296875,111.328125,2044759
2023-07-13,113.046875,113.09375,112.21875,112.21875,1807675
2023-07-14,112.5625,113.046875,112.4375,112.96875,1294157
2023-07-17,112.71875,112.921875,112.40625,112.4375,910140
2023-07-18,112.75,113.25,112.609375,112.640625,1303657
2023-07-19,113.0,113.203125,112.65625,112.703125,1349143
2023-07-20,112.140625,112.96875,112.0,112.890625,1563021
2023-07-21,112.234375,112.421875,112.0625,112.125,1012410
2023-07-24,112.0625,112.546875,111.875,112.25,1148885
2023-07-25,111.609375,112.046875,111.546875,111.921875,1255185
2023-07-26,112.140625,112.171875,111.65625,111.765625,1297820
2023-07-27,111.015625,112.21875,110.953125,111.953125,2217996
2023-07-28,111.34375,111.65625,110.796875,111.078125,1726479
2023-07-31,111.40625,111.625,111.0625,111.46875,1686431
2023-08-01,110.875,111.5,110.828125,111.40625,1523937
2023-08-02,110.796875,111.234375,110.46875,111.0,1860148
2023-08-03,110.234375,110.84375,110.171875,110.828125,1945613
2023-08-04,111.140625,111.328125,109.75,110.28125,2139254
2023-08-07,111.125,111.265625,110.71875,111.265625,1270248
2023-08-08,111.40625,111.6875,110.96875,111.0,1473697
2023-08-09,111.390625,111.625,111.265625,111.421875,1164222
2023-08-10,110.859375,111.90625,110.640625,111.359375,1957382
2023-08-11,110.1875,110.90625,110.125,110.671875,1566489
2023-08-14,110.0,110.3125,109.765625,110.171875,1309141
2023-08-15,109.765625,110.21875,109.359375,109.90625,1788907
2023-08-16,109.5625,110.171875,109.421875,109.828125,1768369
2023-08-17,109.28125,109.640625,109.109375,109.546875,1741118
2023-08-18,109.640625,109.890625,109.4375,109.484375,1251625
2023-08-21,109.078125,109.6875,108.96875,109.640625,1514677
2023-08-22,109.0625,109.28125,108.875,109.078125,1396508
2023-08-23,109.90625,109.984375,109.015625,109.046875,2609078
2023-08-24,109.59375,109.984375,109.515625,109.84375,3280441
2023-08-25,109.4375,109.71875,109.109375,109.5625,3835466
2023-08-28,109.640625,109.734375,109.3125,109.453125,3135447
2023-08-29,110.328125,110.4375,109.4375,109.6875,1810947
2023-08-30,110.359375,110.609375,110.0625,110.34375,459448
2023-08-31,110.5625,110.640625,110.328125,110.40625,79211
2023-09-01,110.15625,110.953125,109.9375,110.46875,33863
2023-09-05,109.546875,110.15625,109.515625,110.0625,17589
2023-09-06,109.28125,109.75,109.21875,109.671875,9167
2023-09-07,109.609375,109.65625,109.296875,109.359375,6923
2023-09-08,109.53125,109.90625,109.5,109.765625,969
2023-09-11,109.40625,109.53125,109.28125,109.53125,668
2023-09-12,109.515625,109.515625,109.328125,109.328125,562
2023-09-13,109.640625,109.75,108.953125,109.171875,1014
2023-09-14,109.359375,109.84375,109.34375,109.828125,1182
2023-09-15,109.171875,109.53125,109.171875,109.484375,87
2023-09-18,109.203125,109.21875,108.9375,108.9375,314
2023-09-19,108.828125,109.359375,108.828125,109.359375,171
2023-09-20,109.1875,109.21875,108.9375,109.078125,1641379
2023-09-21,108.421875,108.796875,108.25,108.796875,2142465
2023-09-22,108.6875,108.828125,108.28125,108.34375,1396945
2023-09-25,108.171875,108.796875,108.125,108.734375,1289496
2023-09-26,108.109375,108.53125,108.015625,108.21875,1603850
2023-09-27,107.578125,108.53125,107.484375,108.234375,1893725
2023-09-28,107.859375,108.015625,107.21875,107.734375,2422053
2023-09-29,108.0625,108.453125,107.8125,107.96875,2632521
2023-10-02,107.328125,107.921875,107.21875,107.875,1629654
2023-10-03,106.640625,107.4375,106.5625,107.390625,2582260
2023-10-04,107.109375,107.203125,106.109375,106.625,2537554
2023-10-05,107.3125,107.390625,106.890625,107.078125,1823513
2023-10-06,106.84375,107.3125,106.203125,107.265625,2315058
2023-10-09,107.84375,107.953125,107.078125,107.125,822843
2023-10-10,107.71875,107.984375,107.328125,107.78125,1915354
2023-10-11,107.9375,108.34375,107.65625,107.71875,2034050
2023-10-12,107.234375,108.5,107.125,108.109375,2136548
2023-10-13,107.71875,108.0,107.28125,107.328125,1657099
2023-10-16,107.203125,107.703125,107.125,107.671875,1268212
2023-10-17,106.21875,107.25,106.109375,107.1875,2149715
2023-10-18,105.875,106.484375,105.75,106.234375,1948270
2023-10-19,105.421875,105.953125,105.328125,105.8125,2395898
2023-10-20,106.0,106.1875,105.421875,105.453125,1968824
2023-10-23,106.484375,106.5,105.390625,105.78125,2092633
2023-10-24,106.359375,106.6875,106.078125,106.40625,1839686
2023-10-25,105.671875,106.5625,105.5625,106.4375,1960891
2023-10-26,106.34375,106.40625,105.46875,105.65625,2427261
2023-10-27,106.421875,106.53125,106.09375,106.296875,1736924
2023-10-30,106.21875,106.453125,105.9375,106.4375,1546433
2023-10-31,106.171875,106.65625,105.875,106.09375,2355214
2023-11-01,106.859375,107.203125,105.859375,105.90625,2733810
2023-11-02,107.484375,107.875,107.078125,107.203125,2451045
2023-11-03,108.359375,108.78125,107.390625,107.546875,2877522
2023-11-06,107.59375,108.234375,107.5625,108.234375,1637310
2023-11-07,108.125,108.296875,107.609375,107.71875,1855465
2023-11-08,108.328125,108.484375,107.828125,108.125,1867406
2023-11-09,107.53125,108.53125,107.421875,108.4375,2122373
2023-11-10,107.421875,107.921875,107.265625,107.5625,1680163
2023-11-13,107.4375,107.484375,107.0,107.34375,1241622
2023-11-14,108.90625,108.96875,107.296875,107.359375,2641567
2023-11-15,108.21875,108.953125,108.078125,108.796875,2436582
2023-11-16,108.859375,108.9375,108.21875,108.25,1713618
2023-11-17,108.75,109.265625,108.59375,108.875,1685178
2023-11-20,108.84375,108.921875,108.4375,108.6875,1607627
2023-11-21,108.9375,109.109375,108.734375,108.859375,2956534
2023-11-22,108.8125,109.265625,108.59375,109.03125,3694051
2023-11-23,108.59375,108.96875,108.5,108.84375,3694051
2023-11-24,108.390625,108.96875,108.328125,108.84375,2272498
2023-11-27,109.0,109.046875,108.1875,108.421875,4517362
2023-11-28,109.53125,109.609375,108.796875,108.984375,2600614
2023-11-29,109.9375,110.125,109.546875,109.578125,597861
2023-11-30,109.46875,110.09375,109.390625,109.96875,80902
2023-12-01,110.34375,110.46875,109.484375,109.609375,12918
2023-12-04,109.890625,110.4375,109.8125,110.421875,10121
2023-12-05,110.625,110.65625,110.03125,110.125,5254
2023-12-06,110.8125,110.9375,110.375,110.578125,1967
2023-12-07,110.84375,110.875,110.34375,110.765625,2331
2023-12-08,109.96875,110.71875,109.765625,110.71875,1922
2023-12-11,110.03125,110.109375,109.6875,110.03125,1400
2023-12-12,110.25,110.5,109.953125,110.09375,2156
2023-12-13,111.609375,111.8125,110.28125,110.3125,1154
2023-12-14,112.234375,112.578125,111.609375,111.6875,1286
2023-12-15,112.109375,112.484375,111.90625,112.359375,631
2023-12-18,111.953125,112.265625,111.953125,112.15625,56
2023-12-19,112.1875,112.3125,112.15625,112.25,1122344
2023-12-20,112.78125,112.984375,112.34375,112.375,1444999
2023-12-21,112.671875,113.140625,112.578125,112.953125,1454535
2023-12-22,112.59375,112.96875,112.5,112.6875,916300
2023-12-26,112.71875,112.75,112.546875,112.671875,396317
2023-12-27,113.328125,113.375,112.5625,112.640625,906098
2023-12-28,112.890625,113.296875,112.796875,113.234375,994945
2023-12-29,112.890625,113.03125,112.5625,112.921875,1252433
2024-01-02,112.296875,112.828125,112.125,112.6875,1514587
2024-01-03,112.515625,112.625,111.875,112.375,2040430
2024-01-04,111.984375,112.59375,111.859375,112.40625,1658449
2024-01-05,111.71875,112.3125,111.203125,111.921875,2513946
2024-01-08,112.046875,112.28125,111.484375,111.71875,1805485
2024-01-09,111.90625,112.0625,111.6875,111.828125,1416395
2024-01-10,111.875,112.21875,111.78125,111.953125,1564442
2024-01-11,112.34375,112.5,111.609375,111.875,2515475
2024-01-12,112.59375,112.828125,112.09375,112.40625,2107650
2024-01-16,111.84375,112.578125,111.703125,112.5625,2537733
2024-01-17,111.421875,112.046875,111.28125,111.90625,2139591
2024-01-18,111.203125,111.65625,111.140625,111.421875,1703768
2024-01-19,111.125,111.296875,110.8125,111.21875,1538398
2024-01-22,111.5,111.609375,111.140625,111.234375,1325752
2024-01-23,111.21875,111.53125,111.125,111.421875,1268992
2024-01-24,110.96875,111.609375,110.921875,111.265625,1977841
2024-01-25,111.3125,111.40625,110.828125,111.0,2037400
2024-01-26,111.03125,111.5625,111.0,111.375,1547788
2024-01-29,111.515625,111.71875,111.15625,111.28125,1679052
2024-01-30,111.625,111.859375,111.34375,111.59375,1873442
2024-01-31,112.328125,112.640625,111.734375,111.796875,3568859
2024-02-01,112.890625,113.203125,112.296875,112.578125,2793826
2024-02-02,111.65625,112.859375,111.5,112.78125,2866659
2024-02-05,110.78125,111.671875,110.703125,111.65625,2189485
2024-02-06,111.28125,111.390625,110.734375,110.828125,1948478
2024-02-07,111.1875,111.515625,111.03125,111.25,1847712
2024-02-08,110.75,111.234375,110.71875,111.140625,1543912
2024-02-09,110.578125,111.03125,110.5,110.84375,1591527
2024-02-12,110.71875,110.875,110.546875,110.640625,1128359
2024-02-13,109.625,111.21875,109.53125,110.671875,2517033
2024-02-14,110.015625,110.15625,109.515625,109.640625,1978428
2024-02-15,110.171875,110.546875,110.015625,110.0625,1963091
2024-02-16,109.75,110.234375,109.46875,110.203125,1907336
2024-02-20,109.9375,110.15625,109.59375,109.796875,1865702
2024-02-21,109.625,110.125,109.5625,109.9375,2325483
2024-02-22,109.5,109.75,109.3125,109.640625,4468034
2024-02-23,109.875,109.96875,109.28125,109.53125,4246944
2024-02-26,109.609375,110.125,109.5,109.828125,5341315
2024-02-27,109.53125,109.875,109.46875,109.71875,2419680
2024-02-28,109.8125,109.890625,109.546875,109.578125,486902
2024-02-29,109.921875,110.125,109.5,109.875,85058
2024-03-01,110.5,110.515625,109.671875,109.96875,27414
2024-03-04,110.21875,110.453125,110.140625,110.453125,6256
2024-03-05,110.75,110.921875,110.21875,110.21875,8342
2024-03-06,110.921875,111.125,110.53125,110.625,4327
2024-03-07,111.078125,111.203125,110.828125,110.921875,4681
2024-03-08,111.140625,111.5,110.9375,111.21875,1714
2024-03-11,111.015625,111.328125,110.96875,111.265625,1012
2024-03-12,110.609375,111.109375,110.59375,111.078125,3615
2024-03-13,110.40625,110.796875,110.40625,110.75,226
2024-03-14,109.734375,110.484375,109.734375,110.40625,2067
2024-03-15,109.609375,109.8125,109.53125,109.8125,746
2024-03-18,109.359375,109.6875,109.359375,109.59375,228
2024-03-19,109.671875,109.9375,109.671875,109.9375,1484543
2024-03-20,110.4375,110.6875,110.046875,110.140625,1804600
2024-03-21,110.390625,110.828125,110.265625,110.4375,1864162
2024-03-22,110.75,110.875,110.390625,110.40625,1352658
2024-03-25,110.515625,110.9375,110.46875,110.859375,1123679
2024-03-26,110.640625,110.734375,110.359375,110.5625,1308297
2024-03-27,110.875,110.984375,110.5625,110.65625,1466914
2024-03-28,110.796875,110.890625,110.53125,110.890625,1851548
2024-04-01,109.921875,110.90625,109.859375,110.796875,1439886
2024-04-02,109.71875,110.09375,109.453125,110.046875,2241221
2024-04-03,109.796875,109.859375,109.296875,109.765625,2333649
2024-04-04,110.125,110.1875,109.625,109.890625,2198530
2024-04-05,109.65625,110.171875,109.453125,110.09375,2387012
2024-04-08,109.265625,109.421875,109.0625,109.40625,1884106
2024-04-09,109.640625,109.71875,109.203125,109.265625,1645443
2024-04-10,108.203125,109.828125,108.171875,109.640625,3560419
2024-04-11,108.109375,108.515625,107.859375,108.28125,3034817
2024-04-12,108.6875,108.796875,108.015625,108.03125,2503302
2024-04-15,107.890625,108.6875,107.578125,108.671875,3265675
2024-04-16,107.671875,108.125,107.421875,108.046875,2874408
2024-04-17,108.15625,108.25,107.484375,107.578125,2317526
2024-04-18,107.703125,108.328125,107.640625,108.109375,2240406
2024-04-19,107.90625,108.703125,107.765625,107.78125,2268383
2024-04-22,107.859375,107.96875,107.546875,107.6875,1414828
2024-04-23,108.078125,108.25,107.640625,107.921875,2013413
2024-04-24,107.734375,108.0625,107.625,108.03125,2003168
2024-04-25,107.359375,108.03125,107.125,107.8125,2584220
2024-04-26,107.578125,107.859375,107.28125,107.359375,1825113
2024-04-29,107.953125,107.984375,107.578125,107.578125,1590605
2024-04-30,107.4375,108.015625,107.390625,107.921875,2697134
2024-05-01,108.109375,108.203125,107.390625,107.453125,2218852
2024-05-02,108.359375,108.375,107.78125,107.890625,2083746
2024-05-03,108.859375,109.296875,108.1875,108.234375,2883515
2024-05-06,108.890625,109.046875,108.71875,108.78125,1242860
2024-05-07,109.015625,109.28125,108.8125,108.890625,1719822
2024-05-08,108.828125,109.09375,108.765625,109.015625,1633702
2024-05-09,109.09375,109.109375,108.609375,108.8125,1881170
2024-05-10,108.703125,109.109375,108.671875,109.015625,1473969
2024-05-13,108.828125,109.0,108.71875,108.734375,1216286
2024-05-14,109.09375,109.109375,108.46875,108.765625,1824374
2024-05-15,109.71875,109.828125,109.015625,109.09375,2721526
2024-05-16,109.484375,109.984375,109.4375,109.765625,1820317
2024-05-17,109.1875,109.578125,109.15625,109.484375,1290257
2024-05-20,109.09375,109.28125,108.953125,109.171875,1156162
2024-05-21,109.234375,109.328125,108.984375,109.0,1502913
2024-05-22,109.03125,109.25,108.890625,109.21875,2186516
2024-05-23,108.71875,109.1875,108.546875,109.078125,3996052
2024-05-24,108.703125,108.796875,108.5,108.6875,3512151
2024-05-28,108.296875,108.90625,108.203125,108.78125,4805222
2024-05-29,107.765625,108.265625,107.671875,108.21875,2233059
2024-05-30,108.234375,108.296875,107.71875,107.828125,628261
2024-05-31,108.484375,108.6875,108.109375,108.28125,96326
2024-06-03,109.25,109.296875,108.59375,108.609375,15504
2024-06-04,109.703125,109.828125,109.15625,109.296875,14941
2024-06-05,109.984375,110.046875,109.515625,109.734375,9175
2024-06-06,110.0625,110.09375,109.796875,110.0,5388
2024-06-07,109.046875,110.21875,108.984375,109.953125,10077
2024-06-10,108.828125,108.96875,108.796875,108.921875,406
2024-06-11,109.28125,109.28125,108.890625,108.921875,6144
2024-06-12,110.03125,110.5,109.25,109.25,7640
2024-06-13,110.421875,110.625,109.859375,109.96875,2546
2024-06-14,110.46875,110.5625,110.203125,110.28125,1270
2024-06-17,110.0625,110.65625,110.015625,110.65625,1275
2024-06-18,110.484375,110.5,110.15625,110.171875,1819290
2024-06-20,110.546875,110.828125,110.265625,110.71875,1722710
2024-06-21,110.5,110.796875,110.359375,110.453125,1435596
2024-06-24,110.53125,110.6875,110.359375,110.453125,1193239
2024-06-25,110.59375,110.78125,110.4375,110.640625,1574033
2024-06-26,110.0625,110.5625,109.96875,110.53125,1869887
2024-06-27,110.25,110.359375,109.859375,110.0,1948452
2024-06-28,109.984375,110.5,109.609375,110.234375,3146809
2024-07-01,109.171875,109.75,109.078125,109.59375,2221764
2024-07-02,109.46875,109.609375,109.21875,109.25,1719084
2024-07-03,110.046875,110.125,109.375,109.453125,1766051
2024-07-05,110.609375,110.625,109.546875,109.96875,1979719
2024-07-08,110.59375,110.640625,110.3125,110.5625,1282523
2024-07-09,110.40625,110.5625,110.21875,110.5,1622679
2024-07-10,110.5,110.625,110.3125,110.4375,1671220
2024-07-11,111.15625,111.328125,110.40625,110.484375,2754645
2024-07-12,111.1875,111.265625,110.796875,111.015625,1993977
2024-07-15,110.984375,111.203125,110.765625,111.0,1879264
2024-07-16,111.328125,111.421875,110.9375,110.9375,2198585
2024-07-17,111.4375,111.46875,111.109375,111.40625,1811339
2024-07-18,111.21875,111.421875,111.09375,111.390625,1862237
2024-07-19,110.828125,111.234375,110.78125,111.125,1573847
2024-07-22,110.71875,111.03125,110.578125,110.9375,1409017
2024-07-23,110.875,111.0,110.71875,110.75,1402604
2024-07-24,110.671875,111.140625,110.609375,110.75,2637572
2024-07-25,110.796875,111.265625,110.640625,110.640625,3055709
2024-07-26,111.203125,111.265625,110.734375,110.890625,1856623
2024-07-29,111.34375,111.515625,111.203125,111.234375,1565130
2024-07-30,111.5625,111.65625,111.25,111.328125,1781389
2024-07-31,111.8125,112.328125,111.46875,111.5625,3268894
2024-08-01,112.734375,112.8125,112.046875,112.28125,3433253
2024-08-02,114.140625,114.25,112.65625,112.75,4296366
2024-08-05,114.078125,115.109375,113.765625,114.171875,3977072
2024-08-06,113.390625,114.09375,113.21875,114.015625,2774865
2024-08-07,112.890625,113.53125,112.8125,113.515625,2615001
2024-08-08,112.65625,113.4375,112.515625,113.078125,2433664
2024-08-09,112.953125,113.15625,112.671875,112.703125,1433071
2024-08-12,113.234375,113.296875,112.78125,112.9375,1577280
2024-08-13,113.625,113.6875,113.109375,113.296875,1726759
2024-08-14,113.765625,114.0625,113.421875,113.6875,2029311
2024-08-15,112.953125,113.71875,112.796875,113.6875,2308793
2024-08-16,113.109375,113.375,112.890625,113.03125,1717942
2024-08-19,113.21875,113.359375,112.96875,113.109375,1352232
2024-08-20,113.5625,113.640625,113.109375,113.21875,1626916
2024-08-21,113.890625,114.03125,113.453125,113.640625,2634704
2024-08-22,113.296875,113.84375,113.171875,113.734375,3456441
2024-08-23,113.703125,113.8125,113.265625,113.34375,3189187
2024-08-26,113.59375,113.9375,113.5625,113.75,4044694
2024-08-27,113.515625,113.640625,113.265625,113.59375,6299327
2024-08-28,113.53125,113.71875,113.46875,113.578125,1816714
2024-08-29,113.3125,113.65625,113.1875,113.515625,361182
2024-08-30,113.046875,113.40625,112.9375,113.375,33598
2024-09-03,113.484375,113.640625,112.890625,113.0,17198
2024-09-04,114.03125,114.109375,113.53125,113.546875,8236
2024-09-05,114.234375,114.375,113.984375,114.09375,7329
2024-09-06,114.515625,114.640625,113.71875,114.234375,3050
2024-09-09,114.515625,114.5625,114.21875,114.421875,3050
2024-09-10,114.921875,114.921875,114.40625,114.421875,1342
2024-09-11,114.78125,115.203125,114.578125,115.0,1058
2024-09-12,114.6875,114.765625,114.515625,114.65625,782
2024-09-13,114.921875,115.03125,114.796875,114.9375,469
2024-09-16,115.078125,115.078125,114.921875,114.921875,2285
2024-09-17,114.921875,115.21875,114.859375,115.1875,2910
2024-09-18,114.640625,114.96875,114.53125,114.96875,405
2024-09-19,114.328125,114.859375,114.21875,114.59375,2317517
2024-09-20,114.84375,115.0,114.53125,114.90625,1884141
2024-09-23,114.765625,114.828125,114.359375,114.71875,1834960
2024-09-24,114.84375,114.90625,114.296875,114.6875,2043257
2024-09-25,114.546875,114.921875,114.46875,114.890625,1697399
2024-09-26,114.40625,114.75,114.21875,114.515625,2098994
2024-09-27,114.734375,114.78125,114.25,114.34375,1961298
2024-09-30,114.28125,114.75,114.234375,114.734375,2461714
2024-10-01,114.6875,115.015625,114.34375,114.390625,2565634
2024-10-02,114.421875,114.8125,114.21875,114.75,1824431
2024-10-03,113.90625,114.453125,113.890625,114.40625,2060271
2024-10-04,112.84375,114.046875,112.8125,113.9375,3056066
2024-10-07,112.484375,112.890625,112.421875,112.8125,2482450
2024-10-08,112.46875,112.75,112.3125,112.515625,1626785
2024-10-09,112.203125,112.65625,112.109375,112.578125,1677790
2024-10-10,112.078125,112.359375,111.6875,112.125,2695481
2024-10-11,112.25,112.3125,111.953125,112.265625,1485457
2024-10-14,111.859375,112.125,111.71875,112.09375,718242
2024-10-15,112.4375,112.484375,111.96875,112.0,1780932
2024-10-16,112.53125,112.6875,112.40625,112.4375,1540190
2024-10-17,112.046875,112.5625,112.0,112.546875,1877074
2024-10-18,112.21875,112.296875,111.921875,112.109375,1539530
2024-10-21,111.515625,112.21875,111.4375,112.171875,2004525
2024-10-22,111.34375,111.640625,111.28125,111.4375,2321739
2024-10-23,111.03125,111.359375,110.953125,111.296875,1944719
2024-10-24,111.28125,111.421875,110.96875,111.015625,1995070
2024-10-25,111.0625,111.4375,110.921875,111.203125,1949563
2024-10-28,110.703125,111.0199966430664,110.18499755859375,110.30500030517578,2056790
2024-10-29,110.75,110.890625,110.859375,110.875,2372559
2024-10-30,110.703125,111.06500244140625,110.13500213623047,110.27999877929688,2755014
2024-10-31,110.46875,110.625,110.140625,110.453125,3372923
2024-11-01,110.03125,110.9375,109.859375,110.421875,3154639
2024-11-04,110.359375,110.671875,110.21875,110.296875,2034586
2024-11-05,110.40625,110.515625,110.453125,110.484375,1911100
2024-11-06,109.546875,110.671875,109.21875,110.484375,4168617
2024-11-07,110.1875,110.296875,109.4375,109.515625,2960011
2024-11-08,110.28125,110.609375,110.109375,110.265625,2175011
2024-11-11,109.90625,110.234375,109.796875,110.203125,757689
2024-11-12,109.421875,110.140625,109.3125,110.0,2207860
2024-11-13,109.421875,109.953125,109.28125,109.40625,2367189
2024-11-14,109.546875,109.78125,109.125,109.40625,2313406
2024-11-15,109.53125,109.734375,108.9375,109.359375,2503718
2024-11-18,109.625,109.6875,109.140625,109.421875,1430816
2024-11-19,109.84375,110.140625,109.59375,109.609375,2172126
2024-11-20,109.6875,109.8125,109.453125,109.71875,1945465
2024-11-21,109.5,109.890625,109.453125,109.640625,3604589
2024-11-22,109.640625,109.828125,109.515625,109.546875,3672423
2024-11-25,110.53125,110.5625,109.84375,110.09375,4813867
2024-11-26,110.328125,110.546875,110.171875,110.453125,2106572
2024-11-27,110.734375,110.84375,110.28125,110.328125,571957
2024-11-29,111.015625,111.0625,110.5625,110.578125,31510
2024-12-02,110.953125,111.09375,110.578125,111.0,33571
2024-12-03,110.8125,111.15625,110.71875,111.03125,11054
2024-12-04,111.109375,111.125,110.421875,110.734375,8038
2024-12-05,111.0625,111.109375,110.75,111.09375,1920
2024-12-06,111.328125,111.484375,110.953125,111.046875,3020
2024-12-09,111.0625,111.4375,110.984375,111.296875,1510
2024-12-10,110.875,111.015625,110.6875,111.015625,274
2024-12-11,110.609375,111.015625,110.609375,110.828125,1454
2024-12-12,110.3125,110.671875,110.265625,110.546875,2450
2024-12-13,109.828125,110.34375,109.828125,110.234375,286
2024-12-16,109.8125,110.03125,109.78125,109.921875,335
2024-12-17,109.890625,109.9375,109.5625,109.703125,901
2024-12-18,109.0625,109.953125,109.0625,109.921875,377
2024-12-19,108.703125,108.875,108.65625,108.875,2315566
2024-12-20,108.96875,109.265625,108.609375,108.609375,1686885
2024-12-23,108.46875,109.015625,108.46875,108.953125,1104605
2024-12-24,108.5625,108.609375,108.296875,108.546875,672210
2024-12-26,108.65625,108.6875,108.203125,108.53125,1018693
2024-12-27,108.4375,108.71875,108.359375,108.609375,989566
2024-12-30,108.96875,109.046875,108.375,108.4375,1036401
2024-12-31,108.75,109.1875,108.703125,109.03125,1185966
2025-01-02,108.8125,109.171875,108.578125,108.78125,1518823
2025-01-03,108.640625,109.046875,108.59375,108.890625,1115634
2025-01-06,108.53125,108.796875,108.328125,108.59375,1911409
2025-01-07,108.171875,108.625,108.046875,108.46875,1975306
2025-01-08,108.140625,108.328125,107.890625,108.15625,2011218
2025-01-09,108.21875,108.4375,108.15625,108.1875,929110
2025-01-10,107.390625,108.28125,107.359375,108.1875,2708327
2025-01-13,107.234375,107.484375,107.1875,107.484375,1749843
2025-01-14,107.359375,107.578125,107.21875,107.359375,1774922
2025-01-15,108.328125,108.40625,107.3125,107.328125,2701553
2025-01-16,108.609375,108.75,108.0,108.296875,2404600
2025-01-17,108.546875,108.859375,108.40625,108.5625,1684662
2025-01-21,108.734375,109.125,108.265625,108.4375,2192016
2025-01-22,108.5625,108.875,108.4375,108.703125,1461780
2025-01-23,108.375,108.609375,108.1875,108.484375,1604316
2025-01-24,108.46875,108.65625,108.234375,108.3125,1712361
2025-01-27,109.15625,109.375,108.5,108.515625,2872051
2025-01-28,109.03125,109.15625,108.796875,109.0625,1737620
2025-01-29,108.953125,109.28125,108.6875,109.125,1945831
2025-01-30,109.234375,109.40625,109.015625,109.109375,1841303
2025-01-31,108.84375,109.296875,108.78125,109.1875,2741218
2025-02-03,108.953125,109.484375,108.671875,108.875,2890747
2025-02-04,109.203125,109.234375,108.640625,108.859375,1922171
2025-02-05,109.75,109.90625,109.078125,109.171875,2376219
2025-02-06,109.578125,109.78125,109.4375,109.75,1964724
2025-02-07,109.234375,110.0,109.03125,109.578125,2465327
2025-02-10,109.21875,109.421875,109.078125,109.171875,1385561
2025-02-11,108.953125,109.296875,108.875,109.1875,1280172
2025-02-12,108.265625,109.15625,108.125,108.953125,2918349
2025-02-13,108.96875,109.03125,108.3125,108.34375,2747968
2025-02-14,109.3125,109.484375,108.8125,108.921875,1931357
2025-02-18,108.84375,109.34375,108.734375,109.265625,1889269
2025-02-19,108.953125,109.0,108.671875,108.796875,2635841
2025-02-20,109.171875,109.25,108.953125,108.953125,2332461
2025-02-21,109.6875,109.75,109.109375,109.125,3716810
2025-02-24,109.875,109.90625,109.421875,109.546875,4588117
2025-02-25,110.515625,110.625,109.8125,109.8125,5598071
2025-02-26,110.84375,110.875,110.25,110.515625,2201257
2025-02-27,110.609375,110.859375,110.421875,110.765625,456329
2025-02-28,111.0625,111.25,110.703125,110.765625,46352
2025-03-03,111.375,111.59375,110.828125,110.984375,24895
2025-03-04,111.21875,110.90625,110.90625,110.90625,20690
2025-03-05,110.84375,111.453125,110.6875,110.90625,9145
2025-03-06,110.78125,110.90625,110.390625,110.640625,6317
2025-03-07,110.546875,111.28125,110.46875,110.8125,8439
2025-03-10,111.28125,111.359375,110.703125,110.875,2226
2025-03-11,110.8125,111.765625,110.8125,111.6875,1291
2025-03-12,110.625,110.953125,110.546875,110.875,1420
2025-03-13,110.90625,110.96875,110.390625,110.796875,1827
2025-03-14,110.625,110.84375,110.5625,110.84375,812
2025-03-17,110.59375,110.859375,110.515625,110.625,1121
2025-03-18,110.78125,110.84375,110.53125,110.65625,708
2025-03-19,110.984375,111.03125,110.5,110.6875,1749
2025-03-20,111.15625,111.375,111.15625,111.375,2032458
2025-03-21,111.09375,111.421875,111.0,111.109375,1709864
2025-03-24,110.546875,111.09375,110.484375,111.078125,1491560
2025-03-25,110.75,110.8125,110.3125,110.53125,1630966
2025-03-26,110.5625,110.71875,110.390625,110.671875,1728532
2025-03-27,110.421875,110.65625,110.1875,110.5,2098828
2025-03-28,111.203125,111.25,110.46875,110.46875,2440313
2025-03-31,111.21875,111.703125,111.125,111.296875,2939461
2025-04-01,111.78125,111.953125,111.359375,111.421875,2637829
2025-04-02,111.5,112.078125,111.15625,111.671875,3280446
2025-04-03,112.640625,113.0625,112.171875,112.1875,4419043
2025-04-04,113.046875,114.109375,112.71875,112.796875,5909934
2025-04-07,112.0625,114.3125,111.484375,113.578125,5938458
2025-04-08,111.46875,112.25,111.25,111.859375,4555093
2025-04-09,110.328125,111.625,110.03125,111.375,5565656
